id,value
16407,1.0
16408,1.0
16409,1.0
16410,1.0
16411,1.0
16412,1.0
16413,1.0
16414,1.0
16415,1.0
16416,1.0
16417,1.0
16418,1.0
16419,1.0
16420,1.0
16421,1.0
16422,1.0
16423,1.0
16424,1.0
16425,1.0
16426,1.0
16427,1.0
16428,1.0
16429,1.0
16430,1.0
16431,1.0
16432,1.0
16433,1.0
16434,1.0
16435,1.0
16436,1.0
16437,1.0
16438,1.0
16439,1.0
16440,1.0
16441,1.0
16442,1.0
16443,1.0
16444,1.0
16445,1.0
16446,1.0
16447,1.0
16448,1.0
16449,1.0
16450,1.0
16451,1.0
16452,1.0
16453,1.0
16454,1.0
16455,1.0
16456,1.0
16457,1.0
16458,1.0
16459,1.0
16460,1.0
16461,1.0
16462,1.0
16463,1.0
16464,1.0
16465,1.0
16466,1.0
16467,1.0
16468,1.0
16469,1.0
16470,1.0
16471,1.0
16472,1.0
16473,1.0
16474,1.0
16475,1.0
16476,1.0
16477,1.0
16478,1.0
16479,1.0
16480,1.0
16481,1.0
16482,1.0
16483,1.0
16484,1.0
16485,1.0
16486,1.0
16487,1.0
16488,1.0
16489,1.0
16490,1.0
16491,1.0
16492,1.0
16493,1.0
16494,1.0
16495,1.0
16496,1.0
16497,1.0
16498,1.0
16499,1.0
16500,1.0
16501,1.0
16502,1.0
16503,1.0
16504,1.0
16505,1.0
16506,1.0
16507,1.0
16508,1.0
16509,1.0
16510,1.0
16511,1.0
16512,1.0
16513,1.0
16514,1.0
16515,1.0
16516,1.0
16517,1.0
16518,1.0
16519,1.0
16520,1.0
16521,1.0
16522,1.0
16523,1.0
16524,1.0
16525,1.0
16526,1.0
16527,1.0
16528,1.0
16529,1.0
16530,1.0
16531,1.0
16532,1.0
16533,1.0
16534,1.0
16535,1.0
16536,1.0
16537,1.0
16538,1.0
16539,1.0
16540,1.0
16541,1.0
16542,1.0
16543,1.0
16544,1.0
16545,1.0
16546,1.0
16547,1.0
16548,1.0
16549,1.0
16550,1.0
16551,1.0
16552,1.0
16553,1.0
16554,1.0
16555,1.0
16556,1.0
16557,1.0
16558,1.0
16559,1.0
16560,1.0
16561,1.0
16562,1.0
16563,1.0
16564,1.0
16565,1.0
16566,1.0
16567,1.0
16568,1.0
16569,1.0
16570,1.0
16571,1.0
16572,1.0
16573,1.0
16574,1.0
16575,1.0
16576,1.0
16577,1.0
16578,1.0
16579,1.0
16580,1.0
16581,1.0
16582,1.0
16583,1.0
16584,1.0
16585,1.0
16586,1.0
16587,1.0
16588,1.0
16589,1.0
16590,1.0
16591,1.0
16592,1.0
16593,1.0
16594,1.0
16595,1.0
16596,1.0
16597,1.0
16598,1.0
16599,1.0
16600,1.0
16601,1.0
16602,1.0
16603,1.0
16604,1.0
16605,1.0
16606,1.0
16607,1.0
16608,1.0
16609,1.0
16610,1.0
16611,1.0
16612,1.0
16613,1.0
16614,1.0
16615,1.0
16616,1.0
16617,1.0
16618,1.0
16619,1.0
16620,1.0
16621,1.0
16622,1.0
16623,1.0
16624,1.0
16625,1.0
16626,1.0
16627,1.0
16628,1.0
16629,1.0
16630,1.0
16631,1.0
16632,1.0
16633,1.0
16634,1.0
16635,1.0
16636,1.0
16637,1.0
16638,1.0
16639,1.0
16640,1.0
16641,1.0
16642,1.0
16643,1.0
16644,1.0
16645,1.0
16646,1.0
16647,1.0
16648,1.0
16649,1.0
16650,1.0
16651,1.0
16652,1.0
16653,1.0
16654,1.0
16655,1.0
16656,1.0
16657,1.0
16658,1.0
16659,1.0
16660,1.0
16661,1.0
16662,1.0
16663,1.0
16664,1.0
16665,1.0
16666,1.0
16667,1.0
16668,1.0
16669,1.0
16670,1.0
16671,1.0
16672,1.0
16673,1.0
16674,1.0
16675,1.0
16676,1.0
16677,1.0
16678,1.0
16679,1.0
16680,1.0
16681,1.0
16682,1.0
16683,1.0
16684,1.0
16685,1.0
16686,1.0
16687,1.0
16688,1.0
16689,1.0
16690,1.0
16691,1.0
16692,1.0
16693,1.0
16694,1.0
16695,1.0
16696,1.0
16697,1.0
16698,1.0
16699,1.0
16700,1.0
16701,1.0
16702,1.0
16703,1.0
16704,1.0
16705,1.0
16706,1.0
18366,1.0
18367,1.0
18368,1.0
18369,1.0
18370,1.0
18371,1.0
18372,1.0
18373,1.0
18374,1.0
18375,1.0
18376,1.0
18377,1.0
18378,1.0
18379,1.0
18380,1.0
18381,1.0
18382,1.0
18383,1.0
18384,1.0
18385,1.0
18386,1.0
18387,1.0
18388,1.0
18389,1.0
18390,1.0
18391,1.0
18392,1.0
18393,1.0
18394,1.0
18395,1.0
18396,1.0
18397,1.0
18398,1.0
18399,1.0
18400,1.0
18401,1.0
18402,1.0
18403,1.0
18404,1.0
18405,1.0
18406,1.0
18407,1.0
18408,1.0
18409,1.0
18410,1.0
18411,1.0
18412,1.0
18413,1.0
18414,1.0
18415,1.0
18416,1.0
18417,1.0
18418,1.0
18419,1.0
18420,1.0
18421,1.0
18422,1.0
18423,1.0
18424,1.0
18425,1.0
18426,1.0
18427,1.0
18428,1.0
18429,1.0
18430,1.0
18431,1.0
18432,1.0
18433,1.0
18434,1.0
18435,1.0
18436,1.0
18437,1.0
18438,1.0
18439,1.0
18440,1.0
18441,1.0
18442,1.0
18443,1.0
18444,1.0
18445,1.0
18446,1.0
18447,1.0
18448,1.0
18449,1.0
18450,1.0
18451,1.0
18452,1.0
18453,1.0
18454,1.0
18455,1.0
18456,1.0
18457,1.0
18458,1.0
18459,1.0
18460,1.0
18461,1.0
18462,1.0
18463,1.0
18464,1.0
18465,1.0
18466,1.0
18467,1.0
18468,1.0
18469,1.0
18470,1.0
18471,1.0
18472,1.0
18473,1.0
18474,1.0
18475,1.0
18476,1.0
18477,1.0
18478,1.0
18479,1.0
18480,1.0
18481,1.0
18482,1.0
18483,1.0
18484,1.0
18485,1.0
18486,1.0
18487,1.0
18488,1.0
18489,1.0
18490,1.0
18491,1.0
18492,1.0
18493,1.0
18494,1.0
18495,1.0
18496,1.0
18497,1.0
18498,1.0
18499,1.0
18500,1.0
18501,1.0
18502,1.0
18503,1.0
18504,1.0
18505,1.0
18506,1.0
18507,1.0
18508,1.0
18509,1.0
18510,1.0
18511,1.0
18512,1.0
18513,1.0
18514,1.0
18515,1.0
18516,1.0
18517,1.0
18518,1.0
18519,1.0
18520,1.0
18521,1.0
18522,1.0
18523,1.0
18524,1.0
18525,1.0
18526,1.0
18527,1.0
18528,1.0
18529,1.0
18530,1.0
18531,1.0
18532,1.0
18533,1.0
18534,1.0
18535,1.0
18536,1.0
18537,1.0
18538,1.0
18539,1.0
18540,1.0
18541,1.0
18542,1.0
18543,1.0
18544,1.0
18545,1.0
18546,1.0
18547,1.0
18548,1.0
18549,1.0
18550,1.0
18551,1.0
18552,1.0
18553,1.0
18554,1.0
18555,1.0
18556,1.0
18557,1.0
18558,1.0
18559,1.0
18560,1.0
18561,1.0
18562,1.0
18563,1.0
18564,1.0
18565,1.0
18566,1.0
18567,1.0
18568,1.0
18569,1.0
18570,1.0
18571,1.0
18572,1.0
18573,1.0
18574,1.0
18575,1.0
18576,1.0
18577,1.0
18578,1.0
18579,1.0
18580,1.0
18581,1.0
18582,1.0
18583,1.0
18584,1.0
18585,1.0
18586,1.0
18587,1.0
18588,1.0
18589,1.0
18590,1.0
18591,1.0
18592,1.0
18593,1.0
18594,1.0
18595,1.0
18596,1.0
18597,1.0
18598,1.0
18599,1.0
18600,1.0
18601,1.0
18602,1.0
18603,1.0
18604,1.0
18605,1.0
18606,1.0
18607,1.0
18608,1.0
18609,1.0
18610,1.0
18611,1.0
18612,1.0
18613,1.0
18614,1.0
18615,1.0
18616,1.0
18617,1.0
18618,1.0
18619,1.0
18620,1.0
18621,1.0
18622,1.0
18623,1.0
18624,1.0
18625,1.0
18626,1.0
18627,1.0
18628,1.0
18629,1.0
18630,1.0
18631,1.0
18632,1.0
18633,1.0
18634,1.0
18635,1.0
18636,1.0
18637,1.0
18638,1.0
18639,1.0
18640,1.0
18641,1.0
18642,1.0
18643,1.0
18644,1.0
18645,1.0
18646,1.0
18647,1.0
18648,1.0
18649,1.0
18650,1.0
18651,1.0
18652,1.0
18653,1.0
18654,1.0
18655,1.0
18656,1.0
18657,1.0
18658,1.0
18659,1.0
18660,1.0
18661,1.0
18662,1.0
18663,1.0
18664,1.0
18665,1.0
20325,1.0
20326,1.0
20327,1.0
20328,1.0
20329,1.0
20330,1.0
20331,1.0
20332,1.0
20333,1.0
20334,1.0
20335,1.0
20336,1.0
20337,1.0
20338,1.0
20339,1.0
20340,1.0
20341,1.0
20342,1.0
20343,1.0
20344,1.0
20345,1.0
20346,1.0
20347,1.0
20348,1.0
20349,1.0
20350,1.0
20351,1.0
20352,1.0
20353,1.0
20354,1.0
20355,1.0
20356,1.0
20357,1.0
20358,1.0
20359,1.0
20360,1.0
20361,1.0
20362,1.0
20363,1.0
20364,1.0
20365,1.0
20366,1.0
20367,1.0
20368,1.0
20369,1.0
20370,1.0
20371,1.0
20372,1.0
20373,1.0
20374,1.0
20375,1.0
20376,1.0
20377,1.0
20378,1.0
20379,1.0
20380,1.0
20381,1.0
20382,1.0
20383,1.0
20384,1.0
20385,1.0
20386,1.0
20387,1.0
20388,1.0
20389,1.0
20390,1.0
20391,1.0
20392,1.0
20393,1.0
20394,1.0
20395,1.0
20396,1.0
20397,1.0
20398,1.0
20399,1.0
20400,1.0
20401,1.0
20402,1.0
20403,1.0
20404,1.0
20405,1.0
20406,1.0
20407,1.0
20408,1.0
20409,1.0
20410,1.0
20411,1.0
20412,1.0
20413,1.0
20414,1.0
20415,1.0
20416,1.0
20417,1.0
20418,1.0
20419,1.0
20420,1.0
20421,1.0
20422,1.0
20423,1.0
20424,1.0
20425,1.0
20426,1.0
20427,1.0
20428,1.0
20429,1.0
20430,1.0
20431,1.0
20432,1.0
20433,1.0
20434,1.0
20435,1.0
20436,1.0
20437,1.0
20438,1.0
20439,1.0
20440,1.0
20441,1.0
20442,1.0
20443,1.0
20444,1.0
20445,1.0
20446,1.0
20447,1.0
20448,1.0
20449,1.0
20450,1.0
20451,1.0
20452,1.0
20453,1.0
20454,1.0
20455,1.0
20456,1.0
20457,1.0
20458,1.0
20459,1.0
20460,1.0
20461,1.0
20462,1.0
20463,1.0
20464,1.0
20465,1.0
20466,1.0
20467,1.0
20468,1.0
20469,1.0
20470,1.0
20471,1.0
20472,1.0
20473,1.0
20474,1.0
20475,1.0
20476,1.0
20477,1.0
20478,1.0
20479,1.0
20480,1.0
20481,1.0
20482,1.0
20483,1.0
20484,1.0
20485,1.0
20486,1.0
20487,1.0
20488,1.0
20489,1.0
20490,1.0
20491,1.0
20492,1.0
20493,1.0
20494,1.0
20495,1.0
20496,1.0
20497,1.0
20498,1.0
20499,1.0
20500,1.0
20501,1.0
20502,1.0
20503,1.0
20504,1.0
20505,1.0
20506,1.0
20507,1.0
20508,1.0
20509,1.0
20510,1.0
20511,1.0
20512,1.0
20513,1.0
20514,1.0
20515,1.0
20516,1.0
20517,1.0
20518,1.0
20519,1.0
20520,1.0
20521,1.0
20522,1.0
20523,1.0
20524,1.0
20525,1.0
20526,1.0
20527,1.0
20528,1.0
20529,1.0
20530,1.0
20531,1.0
20532,1.0
20533,1.0
20534,1.0
20535,1.0
20536,1.0
20537,1.0
20538,1.0
20539,1.0
20540,1.0
20541,1.0
20542,1.0
20543,1.0
20544,1.0
20545,1.0
20546,1.0
20547,1.0
20548,1.0
20549,1.0
20550,1.0
20551,1.0
20552,1.0
20553,1.0
20554,1.0
20555,1.0
20556,1.0
20557,1.0
20558,1.0
20559,1.0
20560,1.0
20561,1.0
20562,1.0
20563,1.0
20564,1.0
20565,1.0
20566,1.0
20567,1.0
20568,1.0
20569,1.0
20570,1.0
20571,1.0
20572,1.0
20573,1.0
20574,1.0
20575,1.0
20576,1.0
20577,1.0
20578,1.0
20579,1.0
20580,1.0
20581,1.0
20582,1.0
20583,1.0
20584,1.0
20585,1.0
20586,1.0
20587,1.0
20588,1.0
20589,1.0
20590,1.0
20591,1.0
20592,1.0
20593,1.0
20594,1.0
20595,1.0
20596,1.0
20597,1.0
20598,1.0
20599,1.0
20600,1.0
20601,1.0
20602,1.0
20603,1.0
20604,1.0
20605,1.0
20606,1.0
20607,1.0
20608,1.0
20609,1.0
20610,1.0
20611,1.0
20612,1.0
20613,1.0
20614,1.0
20615,1.0
20616,1.0
20617,1.0
20618,1.0
20619,1.0
20620,1.0
20621,1.0
20622,1.0
20623,1.0
20624,1.0
736,1.0
737,1.0
738,1.0
739,1.0
740,1.0
741,1.0
742,1.0
743,1.0
744,1.0
745,1.0
746,1.0
747,1.0
748,1.0
749,1.0
750,1.0
751,1.0
752,1.0
753,1.0
754,1.0
755,1.0
756,1.0
757,1.0
758,1.0
759,1.0
760,1.0
761,1.0
762,1.0
763,1.0
764,1.0
765,1.0
766,1.0
767,1.0
768,1.0
769,1.0
770,1.0
771,1.0
772,1.0
773,1.0
774,1.0
775,1.0
776,1.0
777,1.0
778,1.0
779,1.0
780,1.0
781,1.0
782,1.0
783,1.0
784,1.0
785,1.0
786,1.0
787,1.0
788,1.0
789,1.0
790,1.0
791,1.0
792,1.0
793,1.0
794,1.0
795,1.0
796,1.0
797,1.0
798,1.0
799,1.0
800,1.0
801,1.0
802,1.0
803,1.0
804,1.0
805,1.0
806,1.0
807,1.0
808,1.0
809,1.0
810,1.0
811,1.0
812,1.0
813,1.0
814,1.0
815,1.0
816,1.0
817,1.0
818,1.0
819,1.0
820,1.0
821,1.0
822,1.0
823,1.0
824,1.0
825,1.0
826,1.0
827,1.0
828,1.0
829,1.0
830,1.0
831,1.0
832,1.0
833,1.0
834,1.0
835,1.0
836,1.0
837,1.0
838,1.0
839,1.0
840,1.0
841,1.0
842,1.0
843,1.0
844,1.0
845,1.0
846,1.0
847,1.0
848,1.0
849,1.0
850,1.0
851,1.0
852,1.0
853,1.0
854,1.0
855,1.0
856,1.0
857,1.0
858,1.0
859,1.0
860,1.0
861,1.0
862,1.0
863,1.0
864,1.0
865,1.0
866,1.0
867,1.0
868,1.0
869,1.0
870,1.0
871,1.0
872,1.0
873,1.0
874,1.0
875,1.0
876,1.0
877,1.0
878,1.0
879,1.0
880,1.0
881,1.0
882,1.0
883,1.0
884,1.0
885,1.0
886,1.0
887,1.0
888,1.0
889,1.0
890,1.0
891,1.0
892,1.0
893,1.0
894,1.0
895,1.0
896,1.0
897,1.0
898,1.0
899,1.0
900,1.0
901,1.0
902,1.0
903,1.0
904,1.0
905,1.0
906,1.0
907,1.0
908,1.0
909,1.0
910,1.0
911,1.0
912,1.0
913,1.0
914,1.0
915,1.0
916,1.0
917,1.0
918,1.0
919,1.0
920,1.0
921,1.0
922,1.0
923,1.0
924,1.0
925,1.0
926,1.0
927,1.0
928,1.0
929,1.0
930,1.0
931,1.0
932,1.0
933,1.0
934,1.0
935,1.0
936,1.0
937,1.0
938,1.0
939,1.0
940,1.0
941,1.0
942,1.0
943,1.0
944,1.0
945,1.0
946,1.0
947,1.0
948,1.0
949,1.0
950,1.0
951,1.0
952,1.0
953,1.0
954,1.0
955,1.0
956,1.0
957,1.0
958,1.0
959,1.0
960,1.0
961,1.0
962,1.0
963,1.0
964,1.0
965,1.0
966,1.0
967,1.0
968,1.0
969,1.0
970,1.0
971,1.0
972,1.0
973,1.0
974,1.0
975,1.0
976,1.0
977,1.0
978,1.0
979,1.0
980,1.0
981,1.0
982,1.0
983,1.0
984,1.0
985,1.0
986,1.0
987,1.0
988,1.0
989,1.0
990,1.0
991,1.0
992,1.0
993,1.0
994,1.0
995,1.0
996,1.0
997,1.0
998,1.0
999,1.0
1000,1.0
1001,1.0
1002,1.0
1003,1.0
1004,1.0
1005,1.0
1006,1.0
1007,1.0
1008,1.0
1009,1.0
1010,1.0
1011,1.0
1012,1.0
1013,1.0
1014,1.0
1015,1.0
1016,1.0
1017,1.0
1018,1.0
1019,1.0
1020,1.0
1021,1.0
1022,1.0
1023,1.0
1024,1.0
1025,1.0
1026,1.0
1027,1.0
1028,1.0
1029,1.0
1030,1.0
1031,1.0
1032,1.0
1033,1.0
1034,1.0
1035,1.0
2695,1.0
2696,1.0
2697,1.0
2698,1.0
2699,1.0
2700,1.0
2701,1.0
2702,1.0
2703,1.0
2704,1.0
2705,1.0
2706,1.0
2707,1.0
2708,1.0
2709,1.0
2710,1.0
2711,1.0
2712,1.0
2713,1.0
2714,1.0
2715,1.0
2716,1.0
2717,1.0
2718,1.0
2719,1.0
2720,1.0
2721,1.0
2722,1.0
2723,1.0
2724,1.0
2725,1.0
2726,1.0
2727,1.0
2728,1.0
2729,1.0
2730,1.0
2731,1.0
2732,1.0
2733,1.0
2734,1.0
2735,1.0
2736,1.0
2737,1.0
2738,1.0
2739,1.0
2740,1.0
2741,1.0
2742,1.0
2743,1.0
2744,1.0
2745,1.0
2746,1.0
2747,1.0
2748,1.0
2749,1.0
2750,1.0
2751,1.0
2752,1.0
2753,1.0
2754,1.0
2755,1.0
2756,1.0
2757,1.0
2758,1.0
2759,1.0
2760,1.0
2761,1.0
2762,1.0
2763,1.0
2764,1.0
2765,1.0
2766,1.0
2767,1.0
2768,1.0
2769,1.0
2770,1.0
2771,1.0
2772,1.0
2773,1.0
2774,1.0
2775,1.0
2776,1.0
2777,1.0
2778,1.0
2779,1.0
2780,1.0
2781,1.0
2782,1.0
2783,1.0
2784,1.0
2785,1.0
2786,1.0
2787,1.0
2788,1.0
2789,1.0
2790,1.0
2791,1.0
2792,1.0
2793,1.0
2794,1.0
2795,1.0
2796,1.0
2797,1.0
2798,1.0
2799,1.0
2800,1.0
2801,1.0
2802,1.0
2803,1.0
2804,1.0
2805,1.0
2806,1.0
2807,1.0
2808,1.0
2809,1.0
2810,1.0
2811,1.0
2812,1.0
2813,1.0
2814,1.0
2815,1.0
2816,1.0
2817,1.0
2818,1.0
2819,1.0
2820,1.0
2821,1.0
2822,1.0
2823,1.0
2824,1.0
2825,1.0
2826,1.0
2827,1.0
2828,1.0
2829,1.0
2830,1.0
2831,1.0
2832,1.0
2833,1.0
2834,1.0
2835,1.0
2836,1.0
2837,1.0
2838,1.0
2839,1.0
2840,1.0
2841,1.0
2842,1.0
2843,1.0
2844,1.0
2845,1.0
2846,1.0
2847,1.0
2848,1.0
2849,1.0
2850,1.0
2851,1.0
2852,1.0
2853,1.0
2854,1.0
2855,1.0
2856,1.0
2857,1.0
2858,1.0
2859,1.0
2860,1.0
2861,1.0
2862,1.0
2863,1.0
2864,1.0
2865,1.0
2866,1.0
2867,1.0
2868,1.0
2869,1.0
2870,1.0
2871,1.0
2872,1.0
2873,1.0
2874,1.0
2875,1.0
2876,1.0
2877,1.0
2878,1.0
2879,1.0
2880,1.0
2881,1.0
2882,1.0
2883,1.0
2884,1.0
2885,1.0
2886,1.0
2887,1.0
2888,1.0
2889,1.0
2890,1.0
2891,1.0
2892,1.0
2893,1.0
2894,1.0
2895,1.0
2896,1.0
2897,1.0
2898,1.0
2899,1.0
2900,1.0
2901,1.0
2902,1.0
2903,1.0
2904,1.0
2905,1.0
2906,1.0
2907,1.0
2908,1.0
2909,1.0
2910,1.0
2911,1.0
2912,1.0
2913,1.0
2914,1.0
2915,1.0
2916,1.0
2917,1.0
2918,1.0
2919,1.0
2920,1.0
2921,1.0
2922,1.0
2923,1.0
2924,1.0
2925,1.0
2926,1.0
2927,1.0
2928,1.0
2929,1.0
2930,1.0
2931,1.0
2932,1.0
2933,1.0
2934,1.0
2935,1.0
2936,1.0
2937,1.0
2938,1.0
2939,1.0
2940,1.0
2941,1.0
2942,1.0
2943,1.0
2944,1.0
2945,1.0
2946,1.0
2947,1.0
2948,1.0
2949,1.0
2950,1.0
2951,1.0
2952,1.0
2953,1.0
2954,1.0
2955,1.0
2956,1.0
2957,1.0
2958,1.0
2959,1.0
2960,1.0
2961,1.0
2962,1.0
2963,1.0
2964,1.0
2965,1.0
2966,1.0
2967,1.0
2968,1.0
2969,1.0
2970,1.0
2971,1.0
2972,1.0
2973,1.0
2974,1.0
2975,1.0
2976,1.0
2977,1.0
2978,1.0
2979,1.0
2980,1.0
2981,1.0
2982,1.0
2983,1.0
2984,1.0
2985,1.0
2986,1.0
2987,1.0
2988,1.0
2989,1.0
2990,1.0
2991,1.0
2992,1.0
2993,1.0
2994,1.0
8571,1.0
8572,1.0
8573,1.0
8574,1.0
8575,1.0
8576,1.0
8577,1.0
8578,1.0
8579,1.0
8580,1.0
8581,1.0
8582,1.0
8583,1.0
8584,1.0
8585,1.0
8586,1.0
8587,1.0
8588,1.0
8589,1.0
8590,1.0
8591,1.0
8592,1.0
8593,1.0
8594,1.0
8595,1.0
8596,1.0
8597,1.0
8598,1.0
8599,1.0
8600,1.0
8601,1.0
8602,1.0
8603,1.0
8604,1.0
8605,1.0
8606,1.0
8607,1.0
8608,1.0
8609,1.0
8610,1.0
8611,1.0
8612,1.0
8613,1.0
8614,1.0
8615,1.0
8616,1.0
8617,1.0
8618,1.0
8619,1.0
8620,1.0
8621,1.0
8622,1.0
8623,1.0
8624,1.0
8625,1.0
8626,1.0
8627,1.0
8628,1.0
8629,1.0
8630,1.0
8631,1.0
8632,1.0
8633,1.0
8634,1.0
8635,1.0
8636,1.0
8637,1.0
8638,1.0
8639,1.0
8640,1.0
8641,1.0
8642,1.0
8643,1.0
8644,1.0
8645,1.0
8646,1.0
8647,1.0
8648,1.0
8649,1.0
8650,1.0
8651,1.0
8652,1.0
8653,1.0
8654,1.0
8655,1.0
8656,1.0
8657,1.0
8658,1.0
8659,1.0
8660,1.0
8661,1.0
8662,1.0
8663,1.0
8664,1.0
8665,1.0
8666,1.0
8667,1.0
8668,1.0
8669,1.0
8670,1.0
8671,1.0
8672,1.0
8673,1.0
8674,1.0
8675,1.0
8676,1.0
8677,1.0
8678,1.0
8679,1.0
8680,1.0
8681,1.0
8682,1.0
8683,1.0
8684,1.0
8685,1.0
8686,1.0
8687,1.0
8688,1.0
8689,1.0
8690,1.0
8691,1.0
8692,1.0
8693,1.0
8694,1.0
8695,1.0
8696,1.0
8697,1.0
8698,1.0
8699,1.0
8700,1.0
8701,1.0
8702,1.0
8703,1.0
8704,1.0
8705,1.0
8706,1.0
8707,1.0
8708,1.0
8709,1.0
8710,1.0
8711,1.0
8712,1.0
8713,1.0
8714,1.0
8715,1.0
8716,1.0
8717,1.0
8718,1.0
8719,1.0
8720,1.0
8721,1.0
8722,1.0
8723,1.0
8724,1.0
8725,1.0
8726,1.0
8727,1.0
8728,1.0
8729,1.0
8730,1.0
8731,1.0
8732,1.0
8733,1.0
8734,1.0
8735,1.0
8736,1.0
8737,1.0
8738,1.0
8739,1.0
8740,1.0
8741,1.0
8742,1.0
8743,1.0
8744,1.0
8745,1.0
8746,1.0
8747,1.0
8748,1.0
8749,1.0
8750,1.0
8751,1.0
8752,1.0
8753,1.0
8754,1.0
8755,1.0
8756,1.0
8757,1.0
8758,1.0
8759,1.0
8760,1.0
8761,1.0
8762,1.0
8763,1.0
8764,1.0
8765,1.0
8766,1.0
8767,1.0
8768,1.0
8769,1.0
8770,1.0
8771,1.0
8772,1.0
8773,1.0
8774,1.0
8775,1.0
8776,1.0
8777,1.0
8778,1.0
8779,1.0
8780,1.0
8781,1.0
8782,1.0
8783,1.0
8784,1.0
8785,1.0
8786,1.0
8787,1.0
8788,1.0
8789,1.0
8790,1.0
8791,1.0
8792,1.0
8793,1.0
8794,1.0
8795,1.0
8796,1.0
8797,1.0
8798,1.0
8799,1.0
8800,1.0
8801,1.0
8802,1.0
8803,1.0
8804,1.0
8805,1.0
8806,1.0
8807,1.0
8808,1.0
8809,1.0
8810,1.0
8811,1.0
8812,1.0
8813,1.0
8814,1.0
8815,1.0
8816,1.0
8817,1.0
8818,1.0
8819,1.0
8820,1.0
8821,1.0
8822,1.0
8823,1.0
8824,1.0
8825,1.0
8826,1.0
8827,1.0
8828,1.0
8829,1.0
8830,1.0
8831,1.0
8832,1.0
8833,1.0
8834,1.0
8835,1.0
8836,1.0
8837,1.0
8838,1.0
8839,1.0
8840,1.0
8841,1.0
8842,1.0
8843,1.0
8844,1.0
8845,1.0
8846,1.0
8847,1.0
8848,1.0
8849,1.0
8850,1.0
8851,1.0
8852,1.0
8853,1.0
8854,1.0
8855,1.0
8856,1.0
8857,1.0
8858,1.0
8859,1.0
8860,1.0
8861,1.0
8862,1.0
8863,1.0
8864,1.0
8865,1.0
8866,1.0
8867,1.0
8868,1.0
8869,1.0
8870,1.0
10530,1.0
10531,1.0
10532,1.0
10533,1.0
10534,1.0
10535,1.0
10536,1.0
10537,1.0
10538,1.0
10539,1.0
10540,1.0
10541,1.0
10542,1.0
10543,1.0
10544,1.0
10545,1.0
10546,1.0
10547,1.0
10548,1.0
10549,1.0
10550,1.0
10551,1.0
10552,1.0
10553,1.0
10554,1.0
10555,1.0
10556,1.0
10557,1.0
10558,1.0
10559,1.0
10560,1.0
10561,1.0
10562,1.0
10563,1.0
10564,1.0
10565,1.0
10566,1.0
10567,1.0
10568,1.0
10569,1.0
10570,1.0
10571,1.0
10572,1.0
10573,1.0
10574,1.0
10575,1.0
10576,1.0
10577,1.0
10578,1.0
10579,1.0
10580,1.0
10581,1.0
10582,1.0
10583,1.0
10584,1.0
10585,1.0
10586,1.0
10587,1.0
10588,1.0
10589,1.0
10590,1.0
10591,1.0
10592,1.0
10593,1.0
10594,1.0
10595,1.0
10596,1.0
10597,1.0
10598,1.0
10599,1.0
10600,1.0
10601,1.0
10602,1.0
10603,1.0
10604,1.0
10605,1.0
10606,1.0
10607,1.0
10608,1.0
10609,1.0
10610,1.0
10611,1.0
10612,1.0
10613,1.0
10614,1.0
10615,1.0
10616,1.0
10617,1.0
10618,1.0
10619,1.0
10620,1.0
10621,1.0
10622,1.0
10623,1.0
10624,1.0
10625,1.0
10626,1.0
10627,1.0
10628,1.0
10629,1.0
10630,1.0
10631,1.0
10632,1.0
10633,1.0
10634,1.0
10635,1.0
10636,1.0
10637,1.0
10638,1.0
10639,1.0
10640,1.0
10641,1.0
10642,1.0
10643,1.0
10644,1.0
10645,1.0
10646,1.0
10647,1.0
10648,1.0
10649,1.0
10650,1.0
10651,1.0
10652,1.0
10653,1.0
10654,1.0
10655,1.0
10656,1.0
10657,1.0
10658,1.0
10659,1.0
10660,1.0
10661,1.0
10662,1.0
10663,1.0
10664,1.0
10665,1.0
10666,1.0
10667,1.0
10668,1.0
10669,1.0
10670,1.0
10671,1.0
10672,1.0
10673,1.0
10674,1.0
10675,1.0
10676,1.0
10677,1.0
10678,1.0
10679,1.0
10680,1.0
10681,1.0
10682,1.0
10683,1.0
10684,1.0
10685,1.0
10686,1.0
10687,1.0
10688,1.0
10689,1.0
10690,1.0
10691,1.0
10692,1.0
10693,1.0
10694,1.0
10695,1.0
10696,1.0
10697,1.0
10698,1.0
10699,1.0
10700,1.0
10701,1.0
10702,1.0
10703,1.0
10704,1.0
10705,1.0
10706,1.0
10707,1.0
10708,1.0
10709,1.0
10710,1.0
10711,1.0
10712,1.0
10713,1.0
10714,1.0
10715,1.0
10716,1.0
10717,1.0
10718,1.0
10719,1.0
10720,1.0
10721,1.0
10722,1.0
10723,1.0
10724,1.0
10725,1.0
10726,1.0
10727,1.0
10728,1.0
10729,1.0
10730,1.0
10731,1.0
10732,1.0
10733,1.0
10734,1.0
10735,1.0
10736,1.0
10737,1.0
10738,1.0
10739,1.0
10740,1.0
10741,1.0
10742,1.0
10743,1.0
10744,1.0
10745,1.0
10746,1.0
10747,1.0
10748,1.0
10749,1.0
10750,1.0
10751,1.0
10752,1.0
10753,1.0
10754,1.0
10755,1.0
10756,1.0
10757,1.0
10758,1.0
10759,1.0
10760,1.0
10761,1.0
10762,1.0
10763,1.0
10764,1.0
10765,1.0
10766,1.0
10767,1.0
10768,1.0
10769,1.0
10770,1.0
10771,1.0
10772,1.0
10773,1.0
10774,1.0
10775,1.0
10776,1.0
10777,1.0
10778,1.0
10779,1.0
10780,1.0
10781,1.0
10782,1.0
10783,1.0
10784,1.0
10785,1.0
10786,1.0
10787,1.0
10788,1.0
10789,1.0
10790,1.0
10791,1.0
10792,1.0
10793,1.0
10794,1.0
10795,1.0
10796,1.0
10797,1.0
10798,1.0
10799,1.0
10800,1.0
10801,1.0
10802,1.0
10803,1.0
10804,1.0
10805,1.0
10806,1.0
10807,1.0
10808,1.0
10809,1.0
10810,1.0
10811,1.0
10812,1.0
10813,1.0
10814,1.0
10815,1.0
10816,1.0
10817,1.0
10818,1.0
10819,1.0
10820,1.0
10821,1.0
10822,1.0
10823,1.0
10824,1.0
10825,1.0
10826,1.0
10827,1.0
10828,1.0
10829,1.0
12489,1.0
12490,1.0
12491,1.0
12492,1.0
12493,1.0
12494,1.0
12495,1.0
12496,1.0
12497,1.0
12498,1.0
12499,1.0
12500,1.0
12501,1.0
12502,1.0
12503,1.0
12504,1.0
12505,1.0
12506,1.0
12507,1.0
12508,1.0
12509,1.0
12510,1.0
12511,1.0
12512,1.0
12513,1.0
12514,1.0
12515,1.0
12516,1.0
12517,1.0
12518,1.0
12519,1.0
12520,1.0
12521,1.0
12522,1.0
12523,1.0
12524,1.0
12525,1.0
12526,1.0
12527,1.0
12528,1.0
12529,1.0
12530,1.0
12531,1.0
12532,1.0
12533,1.0
12534,1.0
12535,1.0
12536,1.0
12537,1.0
12538,1.0
12539,1.0
12540,1.0
12541,1.0
12542,1.0
12543,1.0
12544,1.0
12545,1.0
12546,1.0
12547,1.0
12548,1.0
12549,1.0
12550,1.0
12551,1.0
12552,1.0
12553,1.0
12554,1.0
12555,1.0
12556,1.0
12557,1.0
12558,1.0
12559,1.0
12560,1.0
12561,1.0
12562,1.0
12563,1.0
12564,1.0
12565,1.0
12566,1.0
12567,1.0
12568,1.0
12569,1.0
12570,1.0
12571,1.0
12572,1.0
12573,1.0
12574,1.0
12575,1.0
12576,1.0
12577,1.0
12578,1.0
12579,1.0
12580,1.0
12581,1.0
12582,1.0
12583,1.0
12584,1.0
12585,1.0
12586,1.0
12587,1.0
12588,1.0
12589,1.0
12590,1.0
12591,1.0
12592,1.0
12593,1.0
12594,1.0
12595,1.0
12596,1.0
12597,1.0
12598,1.0
12599,1.0
12600,1.0
12601,1.0
12602,1.0
12603,1.0
12604,1.0
12605,1.0
12606,1.0
12607,1.0
12608,1.0
12609,1.0
12610,1.0
12611,1.0
12612,1.0
12613,1.0
12614,1.0
12615,1.0
12616,1.0
12617,1.0
12618,1.0
12619,1.0
12620,1.0
12621,1.0
12622,1.0
12623,1.0
12624,1.0
12625,1.0
12626,1.0
12627,1.0
12628,1.0
12629,1.0
12630,1.0
12631,1.0
12632,1.0
12633,1.0
12634,1.0
12635,1.0
12636,1.0
12637,1.0
12638,1.0
12639,1.0
12640,1.0
12641,1.0
12642,1.0
12643,1.0
12644,1.0
12645,1.0
12646,1.0
12647,1.0
12648,1.0
12649,1.0
12650,1.0
12651,1.0
12652,1.0
12653,1.0
12654,1.0
12655,1.0
12656,1.0
12657,1.0
12658,1.0
12659,1.0
12660,1.0
12661,1.0
12662,1.0
12663,1.0
12664,1.0
12665,1.0
12666,1.0
12667,1.0
12668,1.0
12669,1.0
12670,1.0
12671,1.0
12672,1.0
12673,1.0
12674,1.0
12675,1.0
12676,1.0
12677,1.0
12678,1.0
12679,1.0
12680,1.0
12681,1.0
12682,1.0
12683,1.0
12684,1.0
12685,1.0
12686,1.0
12687,1.0
12688,1.0
12689,1.0
12690,1.0
12691,1.0
12692,1.0
12693,1.0
12694,1.0
12695,1.0
12696,1.0
12697,1.0
12698,1.0
12699,1.0
12700,1.0
12701,1.0
12702,1.0
12703,1.0
12704,1.0
12705,1.0
12706,1.0
12707,1.0
12708,1.0
12709,1.0
12710,1.0
12711,1.0
12712,1.0
12713,1.0
12714,1.0
12715,1.0
12716,1.0
12717,1.0
12718,1.0
12719,1.0
12720,1.0
12721,1.0
12722,1.0
12723,1.0
12724,1.0
12725,1.0
12726,1.0
12727,1.0
12728,1.0
12729,1.0
12730,1.0
12731,1.0
12732,1.0
12733,1.0
12734,1.0
12735,1.0
12736,1.0
12737,1.0
12738,1.0
12739,1.0
12740,1.0
12741,1.0
12742,1.0
12743,1.0
12744,1.0
12745,1.0
12746,1.0
12747,1.0
12748,1.0
12749,1.0
12750,1.0
12751,1.0
12752,1.0
12753,1.0
12754,1.0
12755,1.0
12756,1.0
12757,1.0
12758,1.0
12759,1.0
12760,1.0
12761,1.0
12762,1.0
12763,1.0
12764,1.0
12765,1.0
12766,1.0
12767,1.0
12768,1.0
12769,1.0
12770,1.0
12771,1.0
12772,1.0
12773,1.0
12774,1.0
12775,1.0
12776,1.0
12777,1.0
12778,1.0
12779,1.0
12780,1.0
12781,1.0
12782,1.0
12783,1.0
12784,1.0
12785,1.0
12786,1.0
12787,1.0
12788,1.0
14448,1.0
14449,1.0
14450,1.0
14451,1.0
14452,1.0
14453,1.0
14454,1.0
14455,1.0
14456,1.0
14457,1.0
14458,1.0
14459,1.0
14460,1.0
14461,1.0
14462,1.0
14463,1.0
14464,1.0
14465,1.0
14466,1.0
14467,1.0
14468,1.0
14469,1.0
14470,1.0
14471,1.0
14472,1.0
14473,1.0
14474,1.0
14475,1.0
14476,1.0
14477,1.0
14478,1.0
14479,1.0
14480,1.0
14481,1.0
14482,1.0
14483,1.0
14484,1.0
14485,1.0
14486,1.0
14487,1.0
14488,1.0
14489,1.0
14490,1.0
14491,1.0
14492,1.0
14493,1.0
14494,1.0
14495,1.0
14496,1.0
14497,1.0
14498,1.0
14499,1.0
14500,1.0
14501,1.0
14502,1.0
14503,1.0
14504,1.0
14505,1.0
14506,1.0
14507,1.0
14508,1.0
14509,1.0
14510,1.0
14511,1.0
14512,1.0
14513,1.0
14514,1.0
14515,1.0
14516,1.0
14517,1.0
14518,1.0
14519,1.0
14520,1.0
14521,1.0
14522,1.0
14523,1.0
14524,1.0
14525,1.0
14526,1.0
14527,1.0
14528,1.0
14529,1.0
14530,1.0
14531,1.0
14532,1.0
14533,1.0
14534,1.0
14535,1.0
14536,1.0
14537,1.0
14538,1.0
14539,1.0
14540,1.0
14541,1.0
14542,1.0
14543,1.0
14544,1.0
14545,1.0
14546,1.0
14547,1.0
14548,1.0
14549,1.0
14550,1.0
14551,1.0
14552,1.0
14553,1.0
14554,1.0
14555,1.0
14556,1.0
14557,1.0
14558,1.0
14559,1.0
14560,1.0
14561,1.0
14562,1.0
14563,1.0
14564,1.0
14565,1.0
14566,1.0
14567,1.0
14568,1.0
14569,1.0
14570,1.0
14571,1.0
14572,1.0
14573,1.0
14574,1.0
14575,1.0
14576,1.0
14577,1.0
14578,1.0
14579,1.0
14580,1.0
14581,1.0
14582,1.0
14583,1.0
14584,1.0
14585,1.0
14586,1.0
14587,1.0
14588,1.0
14589,1.0
14590,1.0
14591,1.0
14592,1.0
14593,1.0
14594,1.0
14595,1.0
14596,1.0
14597,1.0
14598,1.0
14599,1.0
14600,1.0
14601,1.0
14602,1.0
14603,1.0
14604,1.0
14605,1.0
14606,1.0
14607,1.0
14608,1.0
14609,1.0
14610,1.0
14611,1.0
14612,1.0
14613,1.0
14614,1.0
14615,1.0
14616,1.0
14617,1.0
14618,1.0
14619,1.0
14620,1.0
14621,1.0
14622,1.0
14623,1.0
14624,1.0
14625,1.0
14626,1.0
14627,1.0
14628,1.0
14629,1.0
14630,1.0
14631,1.0
14632,1.0
14633,1.0
14634,1.0
14635,1.0
14636,1.0
14637,1.0
14638,1.0
14639,1.0
14640,1.0
14641,1.0
14642,1.0
14643,1.0
14644,1.0
14645,1.0
14646,1.0
14647,1.0
14648,1.0
14649,1.0
14650,1.0
14651,1.0
14652,1.0
14653,1.0
14654,1.0
14655,1.0
14656,1.0
14657,1.0
14658,1.0
14659,1.0
14660,1.0
14661,1.0
14662,1.0
14663,1.0
14664,1.0
14665,1.0
14666,1.0
14667,1.0
14668,1.0
14669,1.0
14670,1.0
14671,1.0
14672,1.0
14673,1.0
14674,1.0
14675,1.0
14676,1.0
14677,1.0
14678,1.0
14679,1.0
14680,1.0
14681,1.0
14682,1.0
14683,1.0
14684,1.0
14685,1.0
14686,1.0
14687,1.0
14688,1.0
14689,1.0
14690,1.0
14691,1.0
14692,1.0
14693,1.0
14694,1.0
14695,1.0
14696,1.0
14697,1.0
14698,1.0
14699,1.0
14700,1.0
14701,1.0
14702,1.0
14703,1.0
14704,1.0
14705,1.0
14706,1.0
14707,1.0
14708,1.0
14709,1.0
14710,1.0
14711,1.0
14712,1.0
14713,1.0
14714,1.0
14715,1.0
14716,1.0
14717,1.0
14718,1.0
14719,1.0
14720,1.0
14721,1.0
14722,1.0
14723,1.0
14724,1.0
14725,1.0
14726,1.0
14727,1.0
14728,1.0
14729,1.0
14730,1.0
14731,1.0
14732,1.0
14733,1.0
14734,1.0
14735,1.0
14736,1.0
14737,1.0
14738,1.0
14739,1.0
14740,1.0
14741,1.0
14742,1.0
14743,1.0
14744,1.0
14745,1.0
14746,1.0
14747,1.0
4653,1.0
4654,1.0
4655,1.0
4656,1.0
4657,1.0
4658,1.0
4659,1.0
4660,1.0
4661,1.0
4662,1.0
4663,1.0
4664,1.0
4665,1.0
4666,1.0
4667,1.0
4668,1.0
4669,1.0
4670,1.0
4671,1.0
4672,1.0
4673,1.0
4674,1.0
4675,1.0
4676,1.0
4677,1.0
4678,1.0
4679,1.0
4680,1.0
4681,1.0
4682,1.0
4683,1.0
4684,1.0
4685,1.0
4686,1.0
4687,1.0
4688,1.0
4689,1.0
4690,1.0
4691,1.0
4692,1.0
4693,1.0
4694,1.0
4695,1.0
4696,1.0
4697,1.0
4698,1.0
4699,1.0
4700,1.0
4701,1.0
4702,1.0
4703,1.0
4704,1.0
4705,1.0
4706,1.0
4707,1.0
4708,1.0
4709,1.0
4710,1.0
4711,1.0
4712,1.0
4713,1.0
4714,1.0
4715,1.0
4716,1.0
4717,1.0
4718,1.0
4719,1.0
4720,1.0
4721,1.0
4722,1.0
4723,1.0
4724,1.0
4725,1.0
4726,1.0
4727,1.0
4728,1.0
4729,1.0
4730,1.0
4731,1.0
4732,1.0
4733,1.0
4734,1.0
4735,1.0
4736,1.0
4737,1.0
4738,1.0
4739,1.0
4740,1.0
4741,1.0
4742,1.0
4743,1.0
4744,1.0
4745,1.0
4746,1.0
4747,1.0
4748,1.0
4749,1.0
4750,1.0
4751,1.0
4752,1.0
4753,1.0
4754,1.0
4755,1.0
4756,1.0
4757,1.0
4758,1.0
4759,1.0
4760,1.0
4761,1.0
4762,1.0
4763,1.0
4764,1.0
4765,1.0
4766,1.0
4767,1.0
4768,1.0
4769,1.0
4770,1.0
4771,1.0
4772,1.0
4773,1.0
4774,1.0
4775,1.0
4776,1.0
4777,1.0
4778,1.0
4779,1.0
4780,1.0
4781,1.0
4782,1.0
4783,1.0
4784,1.0
4785,1.0
4786,1.0
4787,1.0
4788,1.0
4789,1.0
4790,1.0
4791,1.0
4792,1.0
4793,1.0
4794,1.0
4795,1.0
4796,1.0
4797,1.0
4798,1.0
4799,1.0
4800,1.0
4801,1.0
4802,1.0
4803,1.0
4804,1.0
4805,1.0
4806,1.0
4807,1.0
4808,1.0
4809,1.0
4810,1.0
4811,1.0
4812,1.0
4813,1.0
4814,1.0
4815,1.0
4816,1.0
4817,1.0
4818,1.0
4819,1.0
4820,1.0
4821,1.0
4822,1.0
4823,1.0
4824,1.0
4825,1.0
4826,1.0
4827,1.0
4828,1.0
4829,1.0
4830,1.0
4831,1.0
4832,1.0
4833,1.0
4834,1.0
4835,1.0
4836,1.0
4837,1.0
4838,1.0
4839,1.0
4840,1.0
4841,1.0
4842,1.0
4843,1.0
4844,1.0
4845,1.0
4846,1.0
4847,1.0
4848,1.0
4849,1.0
4850,1.0
4851,1.0
4852,1.0
4853,1.0
4854,1.0
4855,1.0
4856,1.0
4857,1.0
4858,1.0
4859,1.0
4860,1.0
4861,1.0
4862,1.0
4863,1.0
4864,1.0
4865,1.0
4866,1.0
4867,1.0
4868,1.0
4869,1.0
4870,1.0
4871,1.0
4872,1.0
4873,1.0
4874,1.0
4875,1.0
4876,1.0
4877,1.0
4878,1.0
4879,1.0
4880,1.0
4881,1.0
4882,1.0
4883,1.0
4884,1.0
4885,1.0
4886,1.0
4887,1.0
4888,1.0
4889,1.0
4890,1.0
4891,1.0
4892,1.0
4893,1.0
4894,1.0
4895,1.0
4896,1.0
4897,1.0
4898,1.0
4899,1.0
4900,1.0
4901,1.0
4902,1.0
4903,1.0
4904,1.0
4905,1.0
4906,1.0
4907,1.0
4908,1.0
4909,1.0
4910,1.0
4911,1.0
4912,1.0
4913,1.0
4914,1.0
4915,1.0
4916,1.0
4917,1.0
4918,1.0
4919,1.0
4920,1.0
4921,1.0
4922,1.0
4923,1.0
4924,1.0
4925,1.0
4926,1.0
4927,1.0
4928,1.0
4929,1.0
4930,1.0
4931,1.0
4932,1.0
4933,1.0
4934,1.0
4935,1.0
4936,1.0
4937,1.0
4938,1.0
4939,1.0
4940,1.0
4941,1.0
4942,1.0
4943,1.0
4944,1.0
4945,1.0
4946,1.0
4947,1.0
4948,1.0
4949,1.0
4950,1.0
4951,1.0
4952,1.0
6612,1.0
6613,1.0
6614,1.0
6615,1.0
6616,1.0
6617,1.0
6618,1.0
6619,1.0
6620,1.0
6621,1.0
6622,1.0
6623,1.0
6624,1.0
6625,1.0
6626,1.0
6627,1.0
6628,1.0
6629,1.0
6630,1.0
6631,1.0
6632,1.0
6633,1.0
6634,1.0
6635,1.0
6636,1.0
6637,1.0
6638,1.0
6639,1.0
6640,1.0
6641,1.0
6642,1.0
6643,1.0
6644,1.0
6645,1.0
6646,1.0
6647,1.0
6648,1.0
6649,1.0
6650,1.0
6651,1.0
6652,1.0
6653,1.0
6654,1.0
6655,1.0
6656,1.0
6657,1.0
6658,1.0
6659,1.0
6660,1.0
6661,1.0
6662,1.0
6663,1.0
6664,1.0
6665,1.0
6666,1.0
6667,1.0
6668,1.0
6669,1.0
6670,1.0
6671,1.0
6672,1.0
6673,1.0
6674,1.0
6675,1.0
6676,1.0
6677,1.0
6678,1.0
6679,1.0
6680,1.0
6681,1.0
6682,1.0
6683,1.0
6684,1.0
6685,1.0
6686,1.0
6687,1.0
6688,1.0
6689,1.0
6690,1.0
6691,1.0
6692,1.0
6693,1.0
6694,1.0
6695,1.0
6696,1.0
6697,1.0
6698,1.0
6699,1.0
6700,1.0
6701,1.0
6702,1.0
6703,1.0
6704,1.0
6705,1.0
6706,1.0
6707,1.0
6708,1.0
6709,1.0
6710,1.0
6711,1.0
6712,1.0
6713,1.0
6714,1.0
6715,1.0
6716,1.0
6717,1.0
6718,1.0
6719,1.0
6720,1.0
6721,1.0
6722,1.0
6723,1.0
6724,1.0
6725,1.0
6726,1.0
6727,1.0
6728,1.0
6729,1.0
6730,1.0
6731,1.0
6732,1.0
6733,1.0
6734,1.0
6735,1.0
6736,1.0
6737,1.0
6738,1.0
6739,1.0
6740,1.0
6741,1.0
6742,1.0
6743,1.0
6744,1.0
6745,1.0
6746,1.0
6747,1.0
6748,1.0
6749,1.0
6750,1.0
6751,1.0
6752,1.0
6753,1.0
6754,1.0
6755,1.0
6756,1.0
6757,1.0
6758,1.0
6759,1.0
6760,1.0
6761,1.0
6762,1.0
6763,1.0
6764,1.0
6765,1.0
6766,1.0
6767,1.0
6768,1.0
6769,1.0
6770,1.0
6771,1.0
6772,1.0
6773,1.0
6774,1.0
6775,1.0
6776,1.0
6777,1.0
6778,1.0
6779,1.0
6780,1.0
6781,1.0
6782,1.0
6783,1.0
6784,1.0
6785,1.0
6786,1.0
6787,1.0
6788,1.0
6789,1.0
6790,1.0
6791,1.0
6792,1.0
6793,1.0
6794,1.0
6795,1.0
6796,1.0
6797,1.0
6798,1.0
6799,1.0
6800,1.0
6801,1.0
6802,1.0
6803,1.0
6804,1.0
6805,1.0
6806,1.0
6807,1.0
6808,1.0
6809,1.0
6810,1.0
6811,1.0
6812,1.0
6813,1.0
6814,1.0
6815,1.0
6816,1.0
6817,1.0
6818,1.0
6819,1.0
6820,1.0
6821,1.0
6822,1.0
6823,1.0
6824,1.0
6825,1.0
6826,1.0
6827,1.0
6828,1.0
6829,1.0
6830,1.0
6831,1.0
6832,1.0
6833,1.0
6834,1.0
6835,1.0
6836,1.0
6837,1.0
6838,1.0
6839,1.0
6840,1.0
6841,1.0
6842,1.0
6843,1.0
6844,1.0
6845,1.0
6846,1.0
6847,1.0
6848,1.0
6849,1.0
6850,1.0
6851,1.0
6852,1.0
6853,1.0
6854,1.0
6855,1.0
6856,1.0
6857,1.0
6858,1.0
6859,1.0
6860,1.0
6861,1.0
6862,1.0
6863,1.0
6864,1.0
6865,1.0
6866,1.0
6867,1.0
6868,1.0
6869,1.0
6870,1.0
6871,1.0
6872,1.0
6873,1.0
6874,1.0
6875,1.0
6876,1.0
6877,1.0
6878,1.0
6879,1.0
6880,1.0
6881,1.0
6882,1.0
6883,1.0
6884,1.0
6885,1.0
6886,1.0
6887,1.0
6888,1.0
6889,1.0
6890,1.0
6891,1.0
6892,1.0
6893,1.0
6894,1.0
6895,1.0
6896,1.0
6897,1.0
6898,1.0
6899,1.0
6900,1.0
6901,1.0
6902,1.0
6903,1.0
6904,1.0
6905,1.0
6906,1.0
6907,1.0
6908,1.0
6909,1.0
6910,1.0
6911,1.0
17301,1.0
17302,1.0
17303,1.0
17304,1.0
17305,1.0
17306,1.0
17307,1.0
17308,1.0
17309,1.0
17310,1.0
17311,1.0
17312,1.0
17313,1.0
17314,1.0
17315,1.0
17316,1.0
17317,1.0
17318,1.0
17319,1.0
17320,1.0
17321,1.0
17322,1.0
17323,1.0
17324,1.0
17325,1.0
17326,1.0
17327,1.0
17328,1.0
17329,1.0
17330,1.0
17331,1.0
17332,1.0
17333,1.0
17334,1.0
17335,1.0
17336,1.0
17337,1.0
17338,1.0
17339,1.0
17340,1.0
17341,1.0
17342,1.0
17343,1.0
17344,1.0
17345,1.0
17346,1.0
17347,1.0
17348,1.0
17349,1.0
17350,1.0
17351,1.0
17352,1.0
17353,1.0
17354,1.0
17355,1.0
17356,1.0
17357,1.0
17358,1.0
17359,1.0
17360,1.0
17361,1.0
17362,1.0
17363,1.0
17364,1.0
17365,1.0
17366,1.0
17367,1.0
17368,1.0
17369,1.0
17370,1.0
17371,1.0
17372,1.0
17373,1.0
17374,1.0
17375,1.0
17376,1.0
17377,1.0
17378,1.0
17379,1.0
17380,1.0
17381,1.0
17382,1.0
17383,1.0
17384,1.0
17385,1.0
17386,1.0
17387,1.0
17388,1.0
17389,1.0
17390,1.0
17391,1.0
17392,1.0
17393,1.0
17394,1.0
17395,1.0
17396,1.0
17397,1.0
17398,1.0
17399,1.0
17400,1.0
17401,1.0
17402,1.0
17403,1.0
17404,1.0
17405,1.0
17406,1.0
17407,1.0
17408,1.0
17409,1.0
17410,1.0
17411,1.0
17412,1.0
17413,1.0
17414,1.0
17415,1.0
17416,1.0
17417,1.0
17418,1.0
17419,1.0
17420,1.0
17421,1.0
17422,1.0
17423,1.0
17424,1.0
17425,1.0
17426,1.0
17427,1.0
17428,1.0
17429,1.0
17430,1.0
17431,1.0
17432,1.0
17433,1.0
17434,1.0
17435,1.0
17436,1.0
17437,1.0
17438,1.0
17439,1.0
17440,1.0
17441,1.0
17442,1.0
17443,1.0
17444,1.0
17445,1.0
17446,1.0
17447,1.0
17448,1.0
17449,1.0
17450,1.0
17451,1.0
17452,1.0
17453,1.0
17454,1.0
17455,1.0
17456,1.0
17457,1.0
17458,1.0
17459,1.0
17460,1.0
17461,1.0
17462,1.0
17463,1.0
17464,1.0
17465,1.0
17466,1.0
17467,1.0
17468,1.0
17469,1.0
17470,1.0
17471,1.0
17472,1.0
17473,1.0
17474,1.0
17475,1.0
17476,1.0
17477,1.0
17478,1.0
17479,1.0
17480,1.0
17481,1.0
17482,1.0
17483,1.0
17484,1.0
17485,1.0
17486,1.0
17487,1.0
17488,1.0
17489,1.0
17490,1.0
17491,1.0
17492,1.0
17493,1.0
17494,1.0
17495,1.0
17496,1.0
17497,1.0
17498,1.0
17499,1.0
17500,1.0
17501,1.0
17502,1.0
17503,1.0
17504,1.0
17505,1.0
17506,1.0
17507,1.0
17508,1.0
17509,1.0
17510,1.0
17511,1.0
17512,1.0
17513,1.0
17514,1.0
17515,1.0
17516,1.0
17517,1.0
17518,1.0
17519,1.0
17520,1.0
17521,1.0
17522,1.0
17523,1.0
17524,1.0
17525,1.0
17526,1.0
17527,1.0
17528,1.0
17529,1.0
17530,1.0
17531,1.0
17532,1.0
17533,1.0
17534,1.0
17535,1.0
17536,1.0
17537,1.0
17538,1.0
17539,1.0
17540,1.0
17541,1.0
17542,1.0
17543,1.0
17544,1.0
17545,1.0
17546,1.0
17547,1.0
17548,1.0
17549,1.0
17550,1.0
17551,1.0
17552,1.0
17553,1.0
17554,1.0
17555,1.0
17556,1.0
17557,1.0
17558,1.0
17559,1.0
17560,1.0
17561,1.0
17562,1.0
17563,1.0
17564,1.0
17565,1.0
17566,1.0
17567,1.0
17568,1.0
17569,1.0
17570,1.0
17571,1.0
17572,1.0
17573,1.0
17574,1.0
17575,1.0
17576,1.0
17577,1.0
17578,1.0
17579,1.0
17580,1.0
17581,1.0
17582,1.0
17583,1.0
17584,1.0
17585,1.0
17586,1.0
17587,1.0
17588,1.0
17589,1.0
17590,1.0
17591,1.0
17592,1.0
17593,1.0
17594,1.0
17595,1.0
17596,1.0
17597,1.0
17598,1.0
17599,1.0
17600,1.0
19260,1.0
19261,1.0
19262,1.0
19263,1.0
19264,1.0
19265,1.0
19266,1.0
19267,1.0
19268,1.0
19269,1.0
19270,1.0
19271,1.0
19272,1.0
19273,1.0
19274,1.0
19275,1.0
19276,1.0
19277,1.0
19278,1.0
19279,1.0
19280,1.0
19281,1.0
19282,1.0
19283,1.0
19284,1.0
19285,1.0
19286,1.0
19287,1.0
19288,1.0
19289,1.0
19290,1.0
19291,1.0
19292,1.0
19293,1.0
19294,1.0
19295,1.0
19296,1.0
19297,1.0
19298,1.0
19299,1.0
19300,1.0
19301,1.0
19302,1.0
19303,1.0
19304,1.0
19305,1.0
19306,1.0
19307,1.0
19308,1.0
19309,1.0
19310,1.0
19311,1.0
19312,1.0
19313,1.0
19314,1.0
19315,1.0
19316,1.0
19317,1.0
19318,1.0
19319,1.0
19320,1.0
19321,1.0
19322,1.0
19323,1.0
19324,1.0
19325,1.0
19326,1.0
19327,1.0
19328,1.0
19329,1.0
19330,1.0
19331,1.0
19332,1.0
19333,1.0
19334,1.0
19335,1.0
19336,1.0
19337,1.0
19338,1.0
19339,1.0
19340,1.0
19341,1.0
19342,1.0
19343,1.0
19344,1.0
19345,1.0
19346,1.0
19347,1.0
19348,1.0
19349,1.0
19350,1.0
19351,1.0
19352,1.0
19353,1.0
19354,1.0
19355,1.0
19356,1.0
19357,1.0
19358,1.0
19359,1.0
19360,1.0
19361,1.0
19362,1.0
19363,1.0
19364,1.0
19365,1.0
19366,1.0
19367,1.0
19368,1.0
19369,1.0
19370,1.0
19371,1.0
19372,1.0
19373,1.0
19374,1.0
19375,1.0
19376,1.0
19377,1.0
19378,1.0
19379,1.0
19380,1.0
19381,1.0
19382,1.0
19383,1.0
19384,1.0
19385,1.0
19386,1.0
19387,1.0
19388,1.0
19389,1.0
19390,1.0
19391,1.0
19392,1.0
19393,1.0
19394,1.0
19395,1.0
19396,1.0
19397,1.0
19398,1.0
19399,1.0
19400,1.0
19401,1.0
19402,1.0
19403,1.0
19404,1.0
19405,1.0
19406,1.0
19407,1.0
19408,1.0
19409,1.0
19410,1.0
19411,1.0
19412,1.0
19413,1.0
19414,1.0
19415,1.0
19416,1.0
19417,1.0
19418,1.0
19419,1.0
19420,1.0
19421,1.0
19422,1.0
19423,1.0
19424,1.0
19425,1.0
19426,1.0
19427,1.0
19428,1.0
19429,1.0
19430,1.0
19431,1.0
19432,1.0
19433,1.0
19434,1.0
19435,1.0
19436,1.0
19437,1.0
19438,1.0
19439,1.0
19440,1.0
19441,1.0
19442,1.0
19443,1.0
19444,1.0
19445,1.0
19446,1.0
19447,1.0
19448,1.0
19449,1.0
19450,1.0
19451,1.0
19452,1.0
19453,1.0
19454,1.0
19455,1.0
19456,1.0
19457,1.0
19458,1.0
19459,1.0
19460,1.0
19461,1.0
19462,1.0
19463,1.0
19464,1.0
19465,1.0
19466,1.0
19467,1.0
19468,1.0
19469,1.0
19470,1.0
19471,1.0
19472,1.0
19473,1.0
19474,1.0
19475,1.0
19476,1.0
19477,1.0
19478,1.0
19479,1.0
19480,1.0
19481,1.0
19482,1.0
19483,1.0
19484,1.0
19485,1.0
19486,1.0
19487,1.0
19488,1.0
19489,1.0
19490,1.0
19491,1.0
19492,1.0
19493,1.0
19494,1.0
19495,1.0
19496,1.0
19497,1.0
19498,1.0
19499,1.0
19500,1.0
19501,1.0
19502,1.0
19503,1.0
19504,1.0
19505,1.0
19506,1.0
19507,1.0
19508,1.0
19509,1.0
19510,1.0
19511,1.0
19512,1.0
19513,1.0
19514,1.0
19515,1.0
19516,1.0
19517,1.0
19518,1.0
19519,1.0
19520,1.0
19521,1.0
19522,1.0
19523,1.0
19524,1.0
19525,1.0
19526,1.0
19527,1.0
19528,1.0
19529,1.0
19530,1.0
19531,1.0
19532,1.0
19533,1.0
19534,1.0
19535,1.0
19536,1.0
19537,1.0
19538,1.0
19539,1.0
19540,1.0
19541,1.0
19542,1.0
19543,1.0
19544,1.0
19545,1.0
19546,1.0
19547,1.0
19548,1.0
19549,1.0
19550,1.0
19551,1.0
19552,1.0
19553,1.0
19554,1.0
19555,1.0
19556,1.0
19557,1.0
19558,1.0
19559,1.0
21219,1.0
21220,1.0
21221,1.0
21222,1.0
21223,1.0
21224,1.0
21225,1.0
21226,1.0
21227,1.0
21228,1.0
21229,1.0
21230,1.0
21231,1.0
21232,1.0
21233,1.0
21234,1.0
21235,1.0
21236,1.0
21237,1.0
21238,1.0
21239,1.0
21240,1.0
21241,1.0
21242,1.0
21243,1.0
21244,1.0
21245,1.0
21246,1.0
21247,1.0
21248,1.0
21249,1.0
21250,1.0
21251,1.0
21252,1.0
21253,1.0
21254,1.0
21255,1.0
21256,1.0
21257,1.0
21258,1.0
21259,1.0
21260,1.0
21261,1.0
21262,1.0
21263,1.0
21264,1.0
21265,1.0
21266,1.0
21267,1.0
21268,1.0
21269,1.0
21270,1.0
21271,1.0
21272,1.0
21273,1.0
21274,1.0
21275,1.0
21276,1.0
21277,1.0
21278,1.0
21279,1.0
21280,1.0
21281,1.0
21282,1.0
21283,1.0
21284,1.0
21285,1.0
21286,1.0
21287,1.0
21288,1.0
21289,1.0
21290,1.0
21291,1.0
21292,1.0
21293,1.0
21294,1.0
21295,1.0
21296,1.0
21297,1.0
21298,1.0
21299,1.0
21300,1.0
21301,1.0
21302,1.0
21303,1.0
21304,1.0
21305,1.0
21306,1.0
21307,1.0
21308,1.0
21309,1.0
21310,1.0
21311,1.0
21312,1.0
21313,1.0
21314,1.0
21315,1.0
21316,1.0
21317,1.0
21318,1.0
21319,1.0
21320,1.0
21321,1.0
21322,1.0
21323,1.0
21324,1.0
21325,1.0
21326,1.0
21327,1.0
21328,1.0
21329,1.0
21330,1.0
21331,1.0
21332,1.0
21333,1.0
21334,1.0
21335,1.0
21336,1.0
21337,1.0
21338,1.0
21339,1.0
21340,1.0
21341,1.0
21342,1.0
21343,1.0
21344,1.0
21345,1.0
21346,1.0
21347,1.0
21348,1.0
21349,1.0
21350,1.0
21351,1.0
21352,1.0
21353,1.0
21354,1.0
21355,1.0
21356,1.0
21357,1.0
21358,1.0
21359,1.0
21360,1.0
21361,1.0
21362,1.0
21363,1.0
21364,1.0
21365,1.0
21366,1.0
21367,1.0
21368,1.0
21369,1.0
21370,1.0
21371,1.0
21372,1.0
21373,1.0
21374,1.0
21375,1.0
21376,1.0
21377,1.0
21378,1.0
21379,1.0
21380,1.0
21381,1.0
21382,1.0
21383,1.0
21384,1.0
21385,1.0
21386,1.0
21387,1.0
21388,1.0
21389,1.0
21390,1.0
21391,1.0
21392,1.0
21393,1.0
21394,1.0
21395,1.0
21396,1.0
21397,1.0
21398,1.0
21399,1.0
21400,1.0
21401,1.0
21402,1.0
21403,1.0
21404,1.0
21405,1.0
21406,1.0
21407,1.0
21408,1.0
21409,1.0
21410,1.0
21411,1.0
21412,1.0
21413,1.0
21414,1.0
21415,1.0
21416,1.0
21417,1.0
21418,1.0
21419,1.0
21420,1.0
21421,1.0
21422,1.0
21423,1.0
21424,1.0
21425,1.0
21426,1.0
21427,1.0
21428,1.0
21429,1.0
21430,1.0
21431,1.0
21432,1.0
21433,1.0
21434,1.0
21435,1.0
21436,1.0
21437,1.0
21438,1.0
21439,1.0
21440,1.0
21441,1.0
21442,1.0
21443,1.0
21444,1.0
21445,1.0
21446,1.0
21447,1.0
21448,1.0
21449,1.0
21450,1.0
21451,1.0
21452,1.0
21453,1.0
21454,1.0
21455,1.0
21456,1.0
21457,1.0
21458,1.0
21459,1.0
21460,1.0
21461,1.0
21462,1.0
21463,1.0
21464,1.0
21465,1.0
21466,1.0
21467,1.0
21468,1.0
21469,1.0
21470,1.0
21471,1.0
21472,1.0
21473,1.0
21474,1.0
21475,1.0
21476,1.0
21477,1.0
21478,1.0
21479,1.0
21480,1.0
21481,1.0
21482,1.0
21483,1.0
21484,1.0
21485,1.0
21486,1.0
21487,1.0
21488,1.0
21489,1.0
21490,1.0
21491,1.0
21492,1.0
21493,1.0
21494,1.0
21495,1.0
21496,1.0
21497,1.0
21498,1.0
21499,1.0
21500,1.0
21501,1.0
21502,1.0
21503,1.0
21504,1.0
21505,1.0
21506,1.0
21507,1.0
21508,1.0
21509,1.0
21510,1.0
21511,1.0
21512,1.0
21513,1.0
21514,1.0
21515,1.0
21516,1.0
21517,1.0
21518,1.0
1630,1.0
1631,1.0
1632,1.0
1633,1.0
1634,1.0
1635,1.0
1636,1.0
1637,1.0
1638,1.0
1639,1.0
1640,1.0
1641,1.0
1642,1.0
1643,1.0
1644,1.0
1645,1.0
1646,1.0
1647,1.0
1648,1.0
1649,1.0
1650,1.0
1651,1.0
1652,1.0
1653,1.0
1654,1.0
1655,1.0
1656,1.0
1657,1.0
1658,1.0
1659,1.0
1660,1.0
1661,1.0
1662,1.0
1663,1.0
1664,1.0
1665,1.0
1666,1.0
1667,1.0
1668,1.0
1669,1.0
1670,1.0
1671,1.0
1672,1.0
1673,1.0
1674,1.0
1675,1.0
1676,1.0
1677,1.0
1678,1.0
1679,1.0
1680,1.0
1681,1.0
1682,1.0
1683,1.0
1684,1.0
1685,1.0
1686,1.0
1687,1.0
1688,1.0
1689,1.0
1690,1.0
1691,1.0
1692,1.0
1693,1.0
1694,1.0
1695,1.0
1696,1.0
1697,1.0
1698,1.0
1699,1.0
1700,1.0
1701,1.0
1702,1.0
1703,1.0
1704,1.0
1705,1.0
1706,1.0
1707,1.0
1708,1.0
1709,1.0
1710,1.0
1711,1.0
1712,1.0
1713,1.0
1714,1.0
1715,1.0
1716,1.0
1717,1.0
1718,1.0
1719,1.0
1720,1.0
1721,1.0
1722,1.0
1723,1.0
1724,1.0
1725,1.0
1726,1.0
1727,1.0
1728,1.0
1729,1.0
1730,1.0
1731,1.0
1732,1.0
1733,1.0
1734,1.0
1735,1.0
1736,1.0
1737,1.0
1738,1.0
1739,1.0
1740,1.0
1741,1.0
1742,1.0
1743,1.0
1744,1.0
1745,1.0
1746,1.0
1747,1.0
1748,1.0
1749,1.0
1750,1.0
1751,1.0
1752,1.0
1753,1.0
1754,1.0
1755,1.0
1756,1.0
1757,1.0
1758,1.0
1759,1.0
1760,1.0
1761,1.0
1762,1.0
1763,1.0
1764,1.0
1765,1.0
1766,1.0
1767,1.0
1768,1.0
1769,1.0
1770,1.0
1771,1.0
1772,1.0
1773,1.0
1774,1.0
1775,1.0
1776,1.0
1777,1.0
1778,1.0
1779,1.0
1780,1.0
1781,1.0
1782,1.0
1783,1.0
1784,1.0
1785,1.0
1786,1.0
1787,1.0
1788,1.0
1789,1.0
1790,1.0
1791,1.0
1792,1.0
1793,1.0
1794,1.0
1795,1.0
1796,1.0
1797,1.0
1798,1.0
1799,1.0
1800,1.0
1801,1.0
1802,1.0
1803,1.0
1804,1.0
1805,1.0
1806,1.0
1807,1.0
1808,1.0
1809,1.0
1810,1.0
1811,1.0
1812,1.0
1813,1.0
1814,1.0
1815,1.0
1816,1.0
1817,1.0
1818,1.0
1819,1.0
1820,1.0
1821,1.0
1822,1.0
1823,1.0
1824,1.0
1825,1.0
1826,1.0
1827,1.0
1828,1.0
1829,1.0
1830,1.0
1831,1.0
1832,1.0
1833,1.0
1834,1.0
1835,1.0
1836,1.0
1837,1.0
1838,1.0
1839,1.0
1840,1.0
1841,1.0
1842,1.0
1843,1.0
1844,1.0
1845,1.0
1846,1.0
1847,1.0
1848,1.0
1849,1.0
1850,1.0
1851,1.0
1852,1.0
1853,1.0
1854,1.0
1855,1.0
1856,1.0
1857,1.0
1858,1.0
1859,1.0
1860,1.0
1861,1.0
1862,1.0
1863,1.0
1864,1.0
1865,1.0
1866,1.0
1867,1.0
1868,1.0
1869,1.0
1870,1.0
1871,1.0
1872,1.0
1873,1.0
1874,1.0
1875,1.0
1876,1.0
1877,1.0
1878,1.0
1879,1.0
1880,1.0
1881,1.0
1882,1.0
1883,1.0
1884,1.0
1885,1.0
1886,1.0
1887,1.0
1888,1.0
1889,1.0
1890,1.0
1891,1.0
1892,1.0
1893,1.0
1894,1.0
1895,1.0
1896,1.0
1897,1.0
1898,1.0
1899,1.0
1900,1.0
1901,1.0
1902,1.0
1903,1.0
1904,1.0
1905,1.0
1906,1.0
1907,1.0
1908,1.0
1909,1.0
1910,1.0
1911,1.0
1912,1.0
1913,1.0
1914,1.0
1915,1.0
1916,1.0
1917,1.0
1918,1.0
1919,1.0
1920,1.0
1921,1.0
1922,1.0
1923,1.0
1924,1.0
1925,1.0
1926,1.0
1927,1.0
1928,1.0
1929,1.0
3589,1.0
3590,1.0
3591,1.0
3592,1.0
3593,1.0
3594,1.0
3595,1.0
3596,1.0
3597,1.0
3598,1.0
3599,1.0
3600,1.0
3601,1.0
3602,1.0
3603,1.0
3604,1.0
3605,1.0
3606,1.0
3607,1.0
3608,1.0
3609,1.0
3610,1.0
3611,1.0
36110,1.0
3612,1.0
3613,1.0
3614,1.0
3615,1.0
3616,1.0
3617,1.0
3618,1.0
3619,1.0
3620,1.0
3621,1.0
3622,1.0
3623,1.0
3624,1.0
3625,1.0
3626,1.0
3627,1.0
3628,1.0
3629,1.0
3630,1.0
3631,1.0
3632,1.0
3633,1.0
3634,1.0
3635,1.0
3636,1.0
3637,1.0
3638,1.0
3639,1.0
3640,1.0
3641,1.0
3642,1.0
3643,1.0
3644,1.0
3645,1.0
3646,1.0
3647,1.0
3648,1.0
3649,1.0
3650,1.0
3651,1.0
3652,1.0
3653,1.0
3654,1.0
3655,1.0
3656,1.0
3657,1.0
3658,1.0
3659,1.0
3660,1.0
3661,1.0
3662,1.0
3663,1.0
3664,1.0
3665,1.0
3666,1.0
3667,1.0
3668,1.0
3669,1.0
3670,1.0
3671,1.0
3672,1.0
3673,1.0
3674,1.0
3675,1.0
3676,1.0
3677,1.0
3678,1.0
3679,1.0
3680,1.0
3681,1.0
3682,1.0
3683,1.0
3684,1.0
3685,1.0
3686,1.0
3687,1.0
3688,1.0
3689,1.0
3690,1.0
3691,1.0
3692,1.0
3693,1.0
3694,1.0
3695,1.0
3696,1.0
3697,1.0
3698,1.0
3699,1.0
3700,1.0
3701,1.0
3702,1.0
3703,1.0
3704,1.0
3705,1.0
3706,1.0
3707,1.0
3708,1.0
3709,1.0
3710,1.0
3711,1.0
3712,1.0
3713,1.0
3714,1.0
3715,1.0
3716,1.0
3717,1.0
3718,1.0
3719,1.0
3720,1.0
3721,1.0
3722,1.0
3723,1.0
3724,1.0
3725,1.0
3726,1.0
3727,1.0
3728,1.0
3729,1.0
3730,1.0
3731,1.0
3732,1.0
3733,1.0
3734,1.0
3735,1.0
3736,1.0
3737,1.0
3738,1.0
3739,1.0
3740,1.0
3741,1.0
3742,1.0
3743,1.0
3744,1.0
3745,1.0
3746,1.0
3747,1.0
3748,1.0
3749,1.0
3750,1.0
3751,1.0
3752,1.0
3753,1.0
3754,1.0
3755,1.0
3756,1.0
3757,1.0
3758,1.0
3759,1.0
3760,1.0
3761,1.0
3762,1.0
3763,1.0
3764,1.0
3765,1.0
3766,1.0
3767,1.0
3768,1.0
3769,1.0
3770,1.0
3771,1.0
3772,1.0
3773,1.0
3774,1.0
3775,1.0
3776,1.0
3777,1.0
3778,1.0
3779,1.0
3780,1.0
3781,1.0
3782,1.0
3783,1.0
3784,1.0
3785,1.0
3786,1.0
3787,1.0
3788,1.0
3789,1.0
3790,1.0
3791,1.0
3792,1.0
3793,1.0
3794,1.0
3795,1.0
3796,1.0
3797,1.0
3798,1.0
3799,1.0
3800,1.0
3801,1.0
3802,1.0
3803,1.0
3804,1.0
3805,1.0
3806,1.0
3807,1.0
3808,1.0
3809,1.0
3810,1.0
3811,1.0
3812,1.0
3813,1.0
3814,1.0
3815,1.0
3816,1.0
3817,1.0
3818,1.0
3819,1.0
3820,1.0
3821,1.0
3822,1.0
3823,1.0
3824,1.0
3825,1.0
3826,1.0
3827,1.0
3828,1.0
3829,1.0
3830,1.0
3831,1.0
3832,1.0
3833,1.0
3834,1.0
3835,1.0
3836,1.0
3837,1.0
3838,1.0
3839,1.0
3840,1.0
3841,1.0
3842,1.0
3843,1.0
3844,1.0
3845,1.0
3846,1.0
3847,1.0
3848,1.0
3849,1.0
3850,1.0
3851,1.0
3852,1.0
3853,1.0
3854,1.0
3855,1.0
3856,1.0
3857,1.0
3858,1.0
3859,1.0
3860,1.0
3861,1.0
3862,1.0
3863,1.0
3864,1.0
3865,1.0
3866,1.0
3867,1.0
3868,1.0
3869,1.0
3870,1.0
3871,1.0
3872,1.0
3873,1.0
3874,1.0
3875,1.0
3876,1.0
3877,1.0
3878,1.0
3879,1.0
3880,1.0
3881,1.0
3882,1.0
3883,1.0
3884,1.0
3885,1.0
3886,1.0
3887,1.0
9465,1.0
9466,1.0
9467,1.0
9468,1.0
9469,1.0
9470,1.0
9471,1.0
9472,1.0
9473,1.0
9474,1.0
9475,1.0
9476,1.0
9477,1.0
9478,1.0
9479,1.0
9480,1.0
9481,1.0
9482,1.0
9483,1.0
9484,1.0
9485,1.0
9486,1.0
9487,1.0
9488,1.0
9489,1.0
9490,1.0
9491,1.0
9492,1.0
9493,1.0
9494,1.0
9495,1.0
9496,1.0
9497,1.0
9498,1.0
9499,1.0
9500,1.0
9501,1.0
9502,1.0
9503,1.0
9504,1.0
9505,1.0
9506,1.0
9507,1.0
9508,1.0
9509,1.0
9510,1.0
9511,1.0
9512,1.0
9513,1.0
9514,1.0
9515,1.0
9516,1.0
9517,1.0
9518,1.0
9519,1.0
9520,1.0
9521,1.0
9522,1.0
9523,1.0
9524,1.0
9525,1.0
9526,1.0
9527,1.0
9528,1.0
9529,1.0
9530,1.0
9531,1.0
9532,1.0
9533,1.0
9534,1.0
9535,1.0
9536,1.0
9537,1.0
9538,1.0
9539,1.0
9540,1.0
9541,1.0
9542,1.0
9543,1.0
9544,1.0
9545,1.0
9546,1.0
9547,1.0
9548,1.0
9549,1.0
9550,1.0
9551,1.0
9552,1.0
9553,1.0
9554,1.0
9555,1.0
9556,1.0
9557,1.0
9558,1.0
9559,1.0
9560,1.0
9561,1.0
9562,1.0
9563,1.0
9564,1.0
9565,1.0
9566,1.0
9567,1.0
9568,1.0
9569,1.0
9570,1.0
9571,1.0
9572,1.0
9573,1.0
9574,1.0
9575,1.0
9576,1.0
9577,1.0
9578,1.0
9579,1.0
9580,1.0
9581,1.0
9582,1.0
9583,1.0
9584,1.0
9585,1.0
9586,1.0
9587,1.0
9588,1.0
9589,1.0
9590,1.0
9591,1.0
9592,1.0
9593,1.0
9594,1.0
9595,1.0
9596,1.0
9597,1.0
9598,1.0
9599,1.0
9600,1.0
9601,1.0
9602,1.0
9603,1.0
9604,1.0
9605,1.0
9606,1.0
9607,1.0
9608,1.0
9609,1.0
9610,1.0
9611,1.0
9612,1.0
9613,1.0
9614,1.0
9615,1.0
9616,1.0
9617,1.0
9618,1.0
9619,1.0
9620,1.0
9621,1.0
9622,1.0
9623,1.0
9624,1.0
9625,1.0
9626,1.0
9627,1.0
9628,1.0
9629,1.0
9630,1.0
9631,1.0
9632,1.0
9633,1.0
9634,1.0
9635,1.0
9636,1.0
9637,1.0
9638,1.0
9639,1.0
9640,1.0
9641,1.0
9642,1.0
9643,1.0
9644,1.0
9645,1.0
9646,1.0
9647,1.0
9648,1.0
9649,1.0
9650,1.0
9651,1.0
9652,1.0
9653,1.0
9654,1.0
9655,1.0
9656,1.0
9657,1.0
9658,1.0
9659,1.0
9660,1.0
9661,1.0
9662,1.0
9663,1.0
9664,1.0
9665,1.0
9666,1.0
9667,1.0
9668,1.0
9669,1.0
9670,1.0
9671,1.0
9672,1.0
9673,1.0
9674,1.0
9675,1.0
9676,1.0
9677,1.0
9678,1.0
9679,1.0
9680,1.0
9681,1.0
9682,1.0
9683,1.0
9684,1.0
9685,1.0
9686,1.0
9687,1.0
9688,1.0
9689,1.0
9690,1.0
9691,1.0
9692,1.0
9693,1.0
9694,1.0
9695,1.0
9696,1.0
9697,1.0
9698,1.0
9699,1.0
9700,1.0
9701,1.0
9702,1.0
9703,1.0
9704,1.0
9705,1.0
9706,1.0
9707,1.0
9708,1.0
9709,1.0
9710,1.0
9711,1.0
9712,1.0
9713,1.0
9714,1.0
9715,1.0
9716,1.0
9717,1.0
9718,1.0
9719,1.0
9720,1.0
9721,1.0
9722,1.0
9723,1.0
9724,1.0
9725,1.0
9726,1.0
9727,1.0
9728,1.0
9729,1.0
9730,1.0
9731,1.0
9732,1.0
9733,1.0
9734,1.0
9735,1.0
9736,1.0
9737,1.0
9738,1.0
9739,1.0
9740,1.0
9741,1.0
9742,1.0
9743,1.0
9744,1.0
9745,1.0
9746,1.0
9747,1.0
9748,1.0
9749,1.0
9750,1.0
9751,1.0
9752,1.0
9753,1.0
9754,1.0
9755,1.0
9756,1.0
9757,1.0
9758,1.0
9759,1.0
9760,1.0
9761,1.0
9762,1.0
9763,1.0
9764,1.0
11424,1.0
11425,1.0
11426,1.0
11427,1.0
11428,1.0
11429,1.0
11430,1.0
11431,1.0
11432,1.0
11433,1.0
11434,1.0
11435,1.0
11436,1.0
11437,1.0
11438,1.0
11439,1.0
11440,1.0
11441,1.0
11442,1.0
11443,1.0
11444,1.0
11445,1.0
11446,1.0
11447,1.0
11448,1.0
11449,1.0
11450,1.0
11451,1.0
11452,1.0
11453,1.0
11454,1.0
11455,1.0
11456,1.0
11457,1.0
11458,1.0
11459,1.0
11460,1.0
11461,1.0
11462,1.0
11463,1.0
11464,1.0
11465,1.0
11466,1.0
11467,1.0
11468,1.0
11469,1.0
11470,1.0
11471,1.0
11472,1.0
11473,1.0
11474,1.0
11475,1.0
11476,1.0
11477,1.0
11478,1.0
11479,1.0
11480,1.0
11481,1.0
11482,1.0
11483,1.0
11484,1.0
11485,1.0
11486,1.0
11487,1.0
11488,1.0
11489,1.0
11490,1.0
11491,1.0
11492,1.0
11493,1.0
11494,1.0
11495,1.0
11496,1.0
11497,1.0
11498,1.0
11499,1.0
11500,1.0
11501,1.0
11502,1.0
11503,1.0
11504,1.0
11505,1.0
11506,1.0
11507,1.0
11508,1.0
11509,1.0
11510,1.0
11511,1.0
11512,1.0
11513,1.0
11514,1.0
11515,1.0
11516,1.0
11517,1.0
11518,1.0
11519,1.0
11520,1.0
11521,1.0
11522,1.0
11523,1.0
11524,1.0
11525,1.0
11526,1.0
11527,1.0
11528,1.0
11529,1.0
11530,1.0
11531,1.0
11532,1.0
11533,1.0
11534,1.0
11535,1.0
11536,1.0
11537,1.0
11538,1.0
11539,1.0
11540,1.0
11541,1.0
11542,1.0
11543,1.0
11544,1.0
11545,1.0
11546,1.0
11547,1.0
11548,1.0
11549,1.0
11550,1.0
11551,1.0
11552,1.0
11553,1.0
11554,1.0
11555,1.0
11556,1.0
11557,1.0
11558,1.0
11559,1.0
11560,1.0
11561,1.0
11562,1.0
11563,1.0
11564,1.0
11565,1.0
11566,1.0
11567,1.0
11568,1.0
11569,1.0
11570,1.0
11571,1.0
11572,1.0
11573,1.0
11574,1.0
11575,1.0
11576,1.0
11577,1.0
11578,1.0
11579,1.0
11580,1.0
11581,1.0
11582,1.0
11583,1.0
11584,1.0
11585,1.0
11586,1.0
11587,1.0
11588,1.0
11589,1.0
11590,1.0
11591,1.0
11592,1.0
11593,1.0
11594,1.0
11595,1.0
11596,1.0
11597,1.0
11598,1.0
11599,1.0
11600,1.0
11601,1.0
11602,1.0
11603,1.0
11604,1.0
11605,1.0
11606,1.0
11607,1.0
11608,1.0
11609,1.0
11610,1.0
11611,1.0
11612,1.0
11613,1.0
11614,1.0
11615,1.0
11616,1.0
11617,1.0
11618,1.0
11619,1.0
11620,1.0
11621,1.0
11622,1.0
11623,1.0
11624,1.0
11625,1.0
11626,1.0
11627,1.0
11628,1.0
11629,1.0
11630,1.0
11631,1.0
11632,1.0
11633,1.0
11634,1.0
11635,1.0
11636,1.0
11637,1.0
11638,1.0
11639,1.0
11640,1.0
11641,1.0
11642,1.0
11643,1.0
11644,1.0
11645,1.0
11646,1.0
11647,1.0
11648,1.0
11649,1.0
11650,1.0
11651,1.0
11652,1.0
11653,1.0
11654,1.0
11655,1.0
11656,1.0
11657,1.0
11658,1.0
11659,1.0
11660,1.0
11661,1.0
11662,1.0
11663,1.0
11664,1.0
11665,1.0
11666,1.0
11667,1.0
11668,1.0
11669,1.0
11670,1.0
11671,1.0
11672,1.0
11673,1.0
11674,1.0
11675,1.0
11676,1.0
11677,1.0
11678,1.0
11679,1.0
11680,1.0
11681,1.0
11682,1.0
11683,1.0
11684,1.0
11685,1.0
11686,1.0
11687,1.0
11688,1.0
11689,1.0
11690,1.0
11691,1.0
11692,1.0
11693,1.0
11694,1.0
11695,1.0
11696,1.0
11697,1.0
11698,1.0
11699,1.0
11700,1.0
11701,1.0
11702,1.0
11703,1.0
11704,1.0
11705,1.0
11706,1.0
11707,1.0
11708,1.0
11709,1.0
11710,1.0
11711,1.0
11712,1.0
11713,1.0
11714,1.0
11715,1.0
11716,1.0
11717,1.0
11718,1.0
11719,1.0
11720,1.0
11721,1.0
11722,1.0
11723,1.0
13383,1.0
13384,1.0
13385,1.0
13386,1.0
13387,1.0
13388,1.0
13389,1.0
13390,1.0
13391,1.0
13392,1.0
13393,1.0
13394,1.0
13395,1.0
13396,1.0
13397,1.0
13398,1.0
13399,1.0
13400,1.0
13401,1.0
13402,1.0
13403,1.0
13404,1.0
13405,1.0
13406,1.0
13407,1.0
13408,1.0
13409,1.0
13410,1.0
13411,1.0
13412,1.0
13413,1.0
13414,1.0
13415,1.0
13416,1.0
13417,1.0
13418,1.0
13419,1.0
13420,1.0
13421,1.0
13422,1.0
13423,1.0
13424,1.0
13425,1.0
13426,1.0
13427,1.0
13428,1.0
13429,1.0
13430,1.0
13431,1.0
13432,1.0
13433,1.0
13434,1.0
13435,1.0
13436,1.0
13437,1.0
13438,1.0
13439,1.0
13440,1.0
13441,1.0
13442,1.0
13443,1.0
13444,1.0
13445,1.0
13446,1.0
13447,1.0
13448,1.0
13449,1.0
13450,1.0
13451,1.0
13452,1.0
13453,1.0
13454,1.0
13455,1.0
13456,1.0
13457,1.0
13458,1.0
13459,1.0
13460,1.0
13461,1.0
13462,1.0
13463,1.0
13464,1.0
13465,1.0
13466,1.0
13467,1.0
13468,1.0
13469,1.0
13470,1.0
13471,1.0
13472,1.0
13473,1.0
13474,1.0
13475,1.0
13476,1.0
13477,1.0
13478,1.0
13479,1.0
13480,1.0
13481,1.0
13482,1.0
13483,1.0
13484,1.0
13485,1.0
13486,1.0
13487,1.0
13488,1.0
13489,1.0
13490,1.0
13491,1.0
13492,1.0
13493,1.0
13494,1.0
13495,1.0
13496,1.0
13497,1.0
13498,1.0
13499,1.0
13500,1.0
13501,1.0
13502,1.0
13503,1.0
13504,1.0
13505,1.0
13506,1.0
13507,1.0
13508,1.0
13509,1.0
13510,1.0
13511,1.0
13512,1.0
13513,1.0
13514,1.0
13515,1.0
13516,1.0
13517,1.0
13518,1.0
13519,1.0
13520,1.0
13521,1.0
13522,1.0
13523,1.0
13524,1.0
13525,1.0
13526,1.0
13527,1.0
13528,1.0
13529,1.0
13530,1.0
13531,1.0
13532,1.0
13533,1.0
13534,1.0
13535,1.0
13536,1.0
13537,1.0
13538,1.0
13539,1.0
13540,1.0
13541,1.0
13542,1.0
13543,1.0
13544,1.0
13545,1.0
13546,1.0
13547,1.0
13548,1.0
13549,1.0
13550,1.0
13551,1.0
13552,1.0
13553,1.0
13554,1.0
13555,1.0
13556,1.0
13557,1.0
13558,1.0
13559,1.0
13560,1.0
13561,1.0
13562,1.0
13563,1.0
13564,1.0
13565,1.0
13566,1.0
13567,1.0
13568,1.0
13569,1.0
13570,1.0
13571,1.0
13572,1.0
13573,1.0
13574,1.0
13575,1.0
13576,1.0
13577,1.0
13578,1.0
13579,1.0
13580,1.0
13581,1.0
13582,1.0
13583,1.0
13584,1.0
13585,1.0
13586,1.0
13587,1.0
13588,1.0
13589,1.0
13590,1.0
13591,1.0
13592,1.0
13593,1.0
13594,1.0
13595,1.0
13596,1.0
13597,1.0
13598,1.0
13599,1.0
13600,1.0
13601,1.0
13602,1.0
13603,1.0
13604,1.0
13605,1.0
13606,1.0
13607,1.0
13608,1.0
13609,1.0
13610,1.0
13611,1.0
13612,1.0
13613,1.0
13614,1.0
13615,1.0
13616,1.0
13617,1.0
13618,1.0
13619,1.0
13620,1.0
13621,1.0
13622,1.0
13623,1.0
13624,1.0
13625,1.0
13626,1.0
13627,1.0
13628,1.0
13629,1.0
13630,1.0
13631,1.0
13632,1.0
13633,1.0
13634,1.0
13635,1.0
13636,1.0
13637,1.0
13638,1.0
13639,1.0
13640,1.0
13641,1.0
13642,1.0
13643,1.0
13644,1.0
13645,1.0
13646,1.0
13647,1.0
13648,1.0
13649,1.0
13650,1.0
13651,1.0
13652,1.0
13653,1.0
13654,1.0
13655,1.0
13656,1.0
13657,1.0
13658,1.0
13659,1.0
13660,1.0
13661,1.0
13662,1.0
13663,1.0
13664,1.0
13665,1.0
13666,1.0
13667,1.0
13668,1.0
13669,1.0
13670,1.0
13671,1.0
13672,1.0
13673,1.0
13674,1.0
13675,1.0
13676,1.0
13677,1.0
13678,1.0
13679,1.0
13680,1.0
13681,1.0
13682,1.0
15342,1.0
15343,1.0
15344,1.0
15345,1.0
15346,1.0
15347,1.0
15348,1.0
15349,1.0
15350,1.0
15351,1.0
15352,1.0
15353,1.0
15354,1.0
15355,1.0
15356,1.0
15357,1.0
15358,1.0
15359,1.0
15360,1.0
15361,1.0
15362,1.0
15363,1.0
15364,1.0
15365,1.0
15366,1.0
15367,1.0
15368,1.0
15369,1.0
15370,1.0
15371,1.0
15372,1.0
15373,1.0
15374,1.0
15375,1.0
15376,1.0
15377,1.0
15378,1.0
15379,1.0
15380,1.0
15381,1.0
15382,1.0
15383,1.0
15384,1.0
15385,1.0
15386,1.0
15387,1.0
15388,1.0
15389,1.0
15390,1.0
15391,1.0
15392,1.0
15393,1.0
15394,1.0
15395,1.0
15396,1.0
15397,1.0
15398,1.0
15399,1.0
15400,1.0
15401,1.0
15402,1.0
15403,1.0
15404,1.0
15405,1.0
15406,1.0
15407,1.0
15408,1.0
15409,1.0
15410,1.0
15411,1.0
15412,1.0
15413,1.0
15414,1.0
15415,1.0
15416,1.0
15417,1.0
15418,1.0
15419,1.0
15420,1.0
15421,1.0
15422,1.0
15423,1.0
15424,1.0
15425,1.0
15426,1.0
15427,1.0
15428,1.0
15429,1.0
15430,1.0
15431,1.0
15432,1.0
15433,1.0
15434,1.0
15435,1.0
15436,1.0
15437,1.0
15438,1.0
15439,1.0
15440,1.0
15441,1.0
15442,1.0
15443,1.0
15444,1.0
15445,1.0
15446,1.0
15447,1.0
15448,1.0
15449,1.0
15450,1.0
15451,1.0
15452,1.0
15453,1.0
15454,1.0
15455,1.0
15456,1.0
15457,1.0
15458,1.0
15459,1.0
15460,1.0
15461,1.0
15462,1.0
15463,1.0
15464,1.0
15465,1.0
15466,1.0
15467,1.0
15468,1.0
15469,1.0
15470,1.0
15471,1.0
15472,1.0
15473,1.0
15474,1.0
15475,1.0
15476,1.0
15477,1.0
15478,1.0
15479,1.0
15480,1.0
15481,1.0
15482,1.0
15483,1.0
15484,1.0
15485,1.0
15486,1.0
15487,1.0
15488,1.0
15489,1.0
15490,1.0
15491,1.0
15492,1.0
15493,1.0
15494,1.0
15495,1.0
15496,1.0
15497,1.0
15498,1.0
15499,1.0
15500,1.0
15501,1.0
15502,1.0
15503,1.0
15504,1.0
15505,1.0
15506,1.0
15507,1.0
15508,1.0
15509,1.0
15510,1.0
15511,1.0
15512,1.0
15513,1.0
15514,1.0
15515,1.0
15516,1.0
15517,1.0
15518,1.0
15519,1.0
15520,1.0
15521,1.0
15522,1.0
15523,1.0
15524,1.0
15525,1.0
15526,1.0
15527,1.0
15528,1.0
15529,1.0
15530,1.0
15531,1.0
15532,1.0
15533,1.0
15534,1.0
15535,1.0
15536,1.0
15537,1.0
15538,1.0
15539,1.0
15540,1.0
15541,1.0
15542,1.0
15543,1.0
15544,1.0
15545,1.0
15546,1.0
15547,1.0
15548,1.0
15549,1.0
15550,1.0
15551,1.0
15552,1.0
15553,1.0
15554,1.0
15555,1.0
15556,1.0
15557,1.0
15558,1.0
15559,1.0
15560,1.0
15561,1.0
15562,1.0
15563,1.0
15564,1.0
15565,1.0
15566,1.0
15567,1.0
15568,1.0
15569,1.0
15570,1.0
15571,1.0
15572,1.0
15573,1.0
15574,1.0
15575,1.0
15576,1.0
15577,1.0
15578,1.0
15579,1.0
15580,1.0
15581,1.0
15582,1.0
15583,1.0
15584,1.0
15585,1.0
15586,1.0
15587,1.0
15588,1.0
15589,1.0
15590,1.0
15591,1.0
15592,1.0
15593,1.0
15594,1.0
15595,1.0
15596,1.0
15597,1.0
15598,1.0
15599,1.0
15600,1.0
15601,1.0
15602,1.0
15603,1.0
15604,1.0
15605,1.0
15606,1.0
15607,1.0
15608,1.0
15609,1.0
15610,1.0
15611,1.0
15612,1.0
15613,1.0
15614,1.0
15615,1.0
15616,1.0
15617,1.0
15618,1.0
15619,1.0
15620,1.0
15621,1.0
15622,1.0
15623,1.0
15624,1.0
15625,1.0
15626,1.0
15627,1.0
15628,1.0
15629,1.0
15630,1.0
15631,1.0
15632,1.0
15633,1.0
15634,1.0
15635,1.0
15636,1.0
15637,1.0
15638,1.0
15639,1.0
15640,1.0
15641,1.0
5547,1.0
5548,1.0
5549,1.0
5550,1.0
5551,1.0
5552,1.0
5553,1.0
5554,1.0
5555,1.0
5556,1.0
5557,1.0
5558,1.0
5559,1.0
5560,1.0
5561,1.0
5562,1.0
5563,1.0
5564,1.0
5565,1.0
5566,1.0
5567,1.0
5568,1.0
5569,1.0
5570,1.0
5571,1.0
5572,1.0
5573,1.0
5574,1.0
5575,1.0
5576,1.0
5577,1.0
5578,1.0
5579,1.0
5580,1.0
5581,1.0
5582,1.0
5583,1.0
5584,1.0
5585,1.0
5586,1.0
5587,1.0
5588,1.0
5589,1.0
5590,1.0
5591,1.0
5592,1.0
5593,1.0
5594,1.0
5595,1.0
5596,1.0
5597,1.0
5598,1.0
5599,1.0
5600,1.0
5601,1.0
5602,1.0
5603,1.0
5604,1.0
5605,1.0
5606,1.0
5607,1.0
5608,1.0
5609,1.0
5610,1.0
5611,1.0
5612,1.0
5613,1.0
5614,1.0
5615,1.0
5616,1.0
5617,1.0
5618,1.0
5619,1.0
5620,1.0
5621,1.0
5622,1.0
5623,1.0
5624,1.0
5625,1.0
5626,1.0
5627,1.0
5628,1.0
5629,1.0
5630,1.0
5631,1.0
5632,1.0
5633,1.0
5634,1.0
5635,1.0
5636,1.0
5637,1.0
5638,1.0
5639,1.0
5640,1.0
5641,1.0
5642,1.0
5643,1.0
5644,1.0
5645,1.0
5646,1.0
5647,1.0
5648,1.0
5649,1.0
5650,1.0
5651,1.0
5652,1.0
5653,1.0
5654,1.0
5655,1.0
5656,1.0
5657,1.0
5658,1.0
5659,1.0
5660,1.0
5661,1.0
5662,1.0
5663,1.0
5664,1.0
5665,1.0
5666,1.0
5667,1.0
5668,1.0
5669,1.0
5670,1.0
5671,1.0
5672,1.0
5673,1.0
5674,1.0
5675,1.0
5676,1.0
5677,1.0
5678,1.0
5679,1.0
5680,1.0
5681,1.0
5682,1.0
5683,1.0
5684,1.0
5685,1.0
5686,1.0
5687,1.0
5688,1.0
5689,1.0
5690,1.0
5691,1.0
5692,1.0
5693,1.0
5694,1.0
5695,1.0
5696,1.0
5697,1.0
5698,1.0
5699,1.0
5700,1.0
5701,1.0
5702,1.0
5703,1.0
5704,1.0
5705,1.0
5706,1.0
5707,1.0
5708,1.0
5709,1.0
5710,1.0
5711,1.0
5712,1.0
5713,1.0
5714,1.0
5715,1.0
5716,1.0
5717,1.0
5718,1.0
5719,1.0
5720,1.0
5721,1.0
5722,1.0
5723,1.0
5724,1.0
5725,1.0
5726,1.0
5727,1.0
5728,1.0
5729,1.0
5730,1.0
5731,1.0
5732,1.0
5733,1.0
5734,1.0
5735,1.0
5736,1.0
5737,1.0
5738,1.0
5739,1.0
5740,1.0
5741,1.0
5742,1.0
5743,1.0
5744,1.0
5745,1.0
5746,1.0
5747,1.0
5748,1.0
5749,1.0
5750,1.0
5751,1.0
5752,1.0
5753,1.0
5754,1.0
5755,1.0
5756,1.0
5757,1.0
5758,1.0
5759,1.0
5760,1.0
5761,1.0
5762,1.0
5763,1.0
5764,1.0
5765,1.0
5766,1.0
5767,1.0
5768,1.0
5769,1.0
5770,1.0
5771,1.0
5772,1.0
5773,1.0
5774,1.0
5775,1.0
5776,1.0
5777,1.0
5778,1.0
5779,1.0
5780,1.0
5781,1.0
5782,1.0
5783,1.0
5784,1.0
5785,1.0
5786,1.0
5787,1.0
5788,1.0
5789,1.0
5790,1.0
5791,1.0
5792,1.0
5793,1.0
5794,1.0
5795,1.0
5796,1.0
5797,1.0
5798,1.0
5799,1.0
5800,1.0
5801,1.0
5802,1.0
5803,1.0
5804,1.0
5805,1.0
5806,1.0
5807,1.0
5808,1.0
5809,1.0
5810,1.0
5811,1.0
5812,1.0
5813,1.0
5814,1.0
5815,1.0
5816,1.0
5817,1.0
5818,1.0
5819,1.0
5820,1.0
5821,1.0
5822,1.0
5823,1.0
5824,1.0
5825,1.0
5826,1.0
5827,1.0
5828,1.0
5829,1.0
5830,1.0
5831,1.0
5832,1.0
5833,1.0
5834,1.0
5835,1.0
5836,1.0
5837,1.0
5838,1.0
5839,1.0
5840,1.0
5841,1.0
5842,1.0
5843,1.0
5844,1.0
5845,1.0
5846,1.0
7506,1.0
7507,1.0
7508,1.0
7509,1.0
7510,1.0
7511,1.0
7512,1.0
7513,1.0
7514,1.0
7515,1.0
7516,1.0
7517,1.0
7518,1.0
7519,1.0
7520,1.0
7521,1.0
7522,1.0
7523,1.0
7524,1.0
7525,1.0
7526,1.0
7527,1.0
7528,1.0
7529,1.0
7530,1.0
7531,1.0
7532,1.0
7533,1.0
7534,1.0
7535,1.0
7536,1.0
7537,1.0
7538,1.0
7539,1.0
7540,1.0
7541,1.0
7542,1.0
7543,1.0
7544,1.0
7545,1.0
7546,1.0
7547,1.0
7548,1.0
7549,1.0
7550,1.0
7551,1.0
7552,1.0
7553,1.0
7554,1.0
7555,1.0
7556,1.0
7557,1.0
7558,1.0
7559,1.0
7560,1.0
7561,1.0
7562,1.0
7563,1.0
7564,1.0
7565,1.0
7566,1.0
7567,1.0
7568,1.0
7569,1.0
7570,1.0
7571,1.0
7572,1.0
7573,1.0
7574,1.0
7575,1.0
7576,1.0
7577,1.0
7578,1.0
7579,1.0
7580,1.0
7581,1.0
7582,1.0
7583,1.0
7584,1.0
7585,1.0
7586,1.0
7587,1.0
7588,1.0
7589,1.0
7590,1.0
7591,1.0
7592,1.0
7593,1.0
7594,1.0
7595,1.0
7596,1.0
7597,1.0
7598,1.0
7599,1.0
7600,1.0
7601,1.0
7602,1.0
7603,1.0
7604,1.0
7605,1.0
7606,1.0
7607,1.0
7608,1.0
7609,1.0
7610,1.0
7611,1.0
7612,1.0
7613,1.0
7614,1.0
7615,1.0
7616,1.0
7617,1.0
7618,1.0
7619,1.0
7620,1.0
7621,1.0
7622,1.0
7623,1.0
7624,1.0
7625,1.0
7626,1.0
7627,1.0
7628,1.0
7629,1.0
7630,1.0
7631,1.0
7632,1.0
7633,1.0
7634,1.0
7635,1.0
7636,1.0
7637,1.0
7638,1.0
7639,1.0
7640,1.0
7641,1.0
7642,1.0
7643,1.0
7644,1.0
7645,1.0
7646,1.0
7647,1.0
7648,1.0
7649,1.0
7650,1.0
7651,1.0
7652,1.0
7653,1.0
7654,1.0
7655,1.0
7656,1.0
7657,1.0
7658,1.0
7659,1.0
7660,1.0
7661,1.0
7662,1.0
7663,1.0
7664,1.0
7665,1.0
7666,1.0
7667,1.0
7668,1.0
7669,1.0
7670,1.0
7671,1.0
7672,1.0
7673,1.0
7674,1.0
7675,1.0
7676,1.0
7677,1.0
7678,1.0
7679,1.0
7680,1.0
7681,1.0
7682,1.0
7683,1.0
7684,1.0
7685,1.0
7686,1.0
7687,1.0
7688,1.0
7689,1.0
7690,1.0
7691,1.0
7692,1.0
7693,1.0
7694,1.0
7695,1.0
7696,1.0
7697,1.0
7698,1.0
7699,1.0
7700,1.0
7701,1.0
7702,1.0
7703,1.0
7704,1.0
7705,1.0
7706,1.0
7707,1.0
7708,1.0
7709,1.0
7710,1.0
7711,1.0
7712,1.0
7713,1.0
7714,1.0
7715,1.0
7716,1.0
7717,1.0
7718,1.0
7719,1.0
7720,1.0
7721,1.0
7722,1.0
7723,1.0
7724,1.0
7725,1.0
7726,1.0
7727,1.0
7728,1.0
7729,1.0
7730,1.0
7731,1.0
7732,1.0
7733,1.0
7734,1.0
7735,1.0
7736,1.0
7737,1.0
7738,1.0
7739,1.0
7740,1.0
7741,1.0
7742,1.0
7743,1.0
7744,1.0
7745,1.0
7746,1.0
7747,1.0
7748,1.0
7749,1.0
7750,1.0
7751,1.0
7752,1.0
7753,1.0
7754,1.0
7755,1.0
7756,1.0
7757,1.0
7758,1.0
7759,1.0
7760,1.0
7761,1.0
7762,1.0
7763,1.0
7764,1.0
7765,1.0
7766,1.0
7767,1.0
7768,1.0
7769,1.0
7770,1.0
7771,1.0
7772,1.0
7773,1.0
7774,1.0
7775,1.0
7776,1.0
7777,1.0
7778,1.0
7779,1.0
7780,1.0
7781,1.0
7782,1.0
7783,1.0
7784,1.0
7785,1.0
7786,1.0
7787,1.0
7788,1.0
7789,1.0
7790,1.0
7791,1.0
7792,1.0
7793,1.0
7794,1.0
7795,1.0
7796,1.0
7797,1.0
7798,1.0
7799,1.0
7800,1.0
7801,1.0
7802,1.0
7803,1.0
7804,1.0
7805,1.0
